date,AFG,ALB,DZA,AND,AGO,ATG,AZE,ARG,AUS,AUT,BHS,BHR,BGD,ARM,BRB,BEL,BTN,BOL,BIH,BRA,BLZ,BRN,BGR,BLR,KHM,CMR,CAN,CPV,CAF,LKA,TCD,CHL,CHN,TWN,COL,COG,COD,CRI,HRV,CUB,CYP,CZE,BEN,DNK,DMA,DOM,ECU,SLV,GNQ,ETH,ERI,EST,FJI,FIN,FRA,DJI,GAB,GEO,GMB,DEU,GHA,GRC,GRD,GTM,GIN,GUY,HTI,VAT,HND,HUN,ISL,IND,IDN,IRN,IRQ,IRL,ISR,ITA,CIV,JAM,JPN,KAZ,JOR,KEN,KOR,KWT,KGZ,LAO,LBN,LVA,LBR,LBY,LIE,LTU,LUX,MDG,MYS,MDV,MLT,MRT,MUS,MEX,MCO,MNG,MDA,MNE,MAR,MOZ,OMN,NAM,NPL,NLD,NZL,NIC,NER,NGA,NOR,PAK,PAN,PNG,PRY,PER,PHL,POL,PRT,TLS,QAT,ROU,RUS,RWA,LCA,VCT,SMR,SAU,SEN,SRB,SYC,SGP,SVK,VNM,SVN,SOM,ZAF,ZWE,ESP,SDN,SUR,SWZ,SWE,CHE,SYR,THA,TGO,TTO,ARE,TUN,TUR,UGA,UKR,MKD,EGY,GBR,TZA,USA,BFA,URY,UZB,VEN,ZMB,RU-AD,RU-ALT,RU-AMU,RU-ARK,RU-AST,RU-BA,RU-BEL,RU-BRY,RU-BU,RU-CE,RU-CHE,RU-CU,RU-DA,RU-IN,RU-IRK,RU-IVA,RU-KAM,RU-KB,RU-KC,RU-KDA,RU-KEM,RU-KGD,RU-KGN,RU-KHA,RU-KHM,RU-KIR,RU-KK,RU-KL,RU-KLU,RU-KO,RU-KOS,RU-KR,RU-KRS,RU-KYA,RU-LEN,RU-LIP,RU-MAG,RU-ME,RU-MO,RU-MOS,RU-MOW,RU-MUR,RU-NGR,RU-NIZ,RU-NVS,RU-OMS,RU-ORE,RU-ORL,RU-PER,RU-PNZ,RU-PRI,RU-PSK,RU-ROS,RU-RYA,RU-SA,RU-SAK,RU-SAM,RU-SAR,RU-SE,RU-SMO,RU-SPE,RU-STA,RU-SVE,RU-TA,RU-TAM,RU-TOM,RU-TUL,RU-TVE,RU-TY,RU-TYU,RU-UD,RU-ULY,RU-VGG,RU-VLA,RU-VLG,RU-VOR,RU-YAN,RU-YAR,RU-YEV,RU-ZAB,UA-40,UA-43
1/22/20,0,0,0,0,0,0,0,0,0,0,0,0,0,0,0,0,0,0,0,0,0,0,0,0,0,0,0,0,0,0,0,0,548,1,0,0,0,0,0,0,0,0,0,0,0,0,0,0,0,0,0,0,0,0,0,0,0,0,0,0,0,0,0,0,0,0,0,0,0,0,0,0,0,0,0,0,0,0,0,0,2,0,0,0,1,0,0,0,0,0,0,0,0,0,0,0,0,0,0,0,0,0,0,0,0,0,0,0,0,0,0,0,0,0,0,0,0,0,0,0,0,0,0,0,0,0,0,0,0,0,0,0,0,0,0,0,0,0,0,0,0,0,0,0,0,0,0,0,0,0,0,2,0,0,0,0,0,0,0,0,0,0,0,1,0,0,0,0,0,0,0,0,0,0,0,0,0,0,0,0,0,0,0,0,0,0,0,0,0,0,0,0,0,0,0,0,0,0,0,0,0,0,0,0,0,0,0,0,0,0,0,0,0,0,0,0,0,0,0,0,0,0,0,0,0,0,0,0,0,0,0,0,0,0,0,0,0,0,0,0,0,0,0,0,0,0,0,0,0,0,0
1/23/20,0,0,0,0,0,0,0,0,0,0,0,0,0,0,0,0,0,0,0,0,0,0,0,0,0,0,0,0,0,0,0,0,643,1,0,0,0,0,0,0,0,0,0,0,0,0,0,0,0,0,0,0,0,0,0,0,0,0,0,0,0,0,0,0,0,0,0,0,0,0,0,0,0,0,0,0,0,0,0,0,2,0,0,0,1,0,0,0,0,0,0,0,0,0,0,0,0,0,0,0,0,0,0,0,0,0,0,0,0,0,0,0,0,0,0,0,0,0,0,0,0,0,0,0,0,0,0,0,0,0,0,0,0,0,0,0,0,1,0,2,0,0,0,0,0,0,0,0,0,0,0,3,0,0,0,0,0,0,0,0,0,0,0,1,0,0,0,0,0,0,0,0,0,0,0,0,0,0,0,0,0,0,0,0,0,0,0,0,0,0,0,0,0,0,0,0,0,0,0,0,0,0,0,0,0,0,0,0,0,0,0,0,0,0,0,0,0,0,0,0,0,0,0,0,0,0,0,0,0,0,0,0,0,0,0,0,0,0,0,0,0,0,0,0,0,0,0,0,0,0,0
1/24/20,0,0,0,0,0,0,0,0,0,0,0,0,0,0,0,0,0,0,0,0,0,0,0,0,0,0,0,0,0,0,0,0,920,3,0,0,0,0,0,0,0,0,0,0,0,0,0,0,0,0,0,0,0,0,2,0,0,0,0,0,0,0,0,0,0,0,0,0,0,0,0,0,0,0,0,0,0,0,0,0,2,0,0,0,2,0,0,0,0,0,0,0,0,0,0,0,0,0,0,0,0,0,0,0,0,0,0,0,0,0,0,0,0,0,0,0,0,0,0,0,0,0,0,0,0,0,0,0,0,0,0,0,0,0,0,0,0,3,0,2,0,0,0,0,0,0,0,0,0,0,0,5,0,0,0,0,0,0,0,0,0,0,0,2,0,0,0,0,0,0,0,0,0,0,0,0,0,0,0,0,0,0,0,0,0,0,0,0,0,0,0,0,0,0,0,0,0,0,0,0,0,0,0,0,0,0,0,0,0,0,0,0,0,0,0,0,0,0,0,0,0,0,0,0,0,0,0,0,0,0,0,0,0,0,0,0,0,0,0,0,0,0,0,0,0,0,0,0,0,0,0
1/25/20,0,0,0,0,0,0,0,0,0,0,0,0,0,0,0,0,0,0,0,0,0,0,0,0,0,0,0,0,0,0,0,0,1406,3,0,0,0,0,0,0,0,0,0,0,0,0,0,0,0,0,0,0,0,0,3,0,0,0,0,0,0,0,0,0,0,0,0,0,0,0,0,0,0,0,0,0,0,0,0,0,2,0,0,0,2,0,0,0,0,0,0,0,0,0,0,0,3,0,0,0,0,0,0,0,0,0,0,0,0,0,1,0,0,0,0,0,0,0,0,0,0,0,0,0,0,0,0,0,0,0,0,0,0,0,0,0,0,3,0,2,0,0,0,0,0,0,0,0,0,0,0,7,0,0,0,0,0,0,0,0,0,0,0,2,0,0,0,0,0,0,0,0,0,0,0,0,0,0,0,0,0,0,0,0,0,0,0,0,0,0,0,0,0,0,0,0,0,0,0,0,0,0,0,0,0,0,0,0,0,0,0,0,0,0,0,0,0,0,0,0,0,0,0,0,0,0,0,0,0,0,0,0,0,0,0,0,0,0,0,0,0,0,0,0,0,0,0,0,0,0,0
1/26/20,0,0,0,0,0,0,0,0,4,0,0,0,0,0,0,0,0,0,0,0,0,0,0,0,0,0,1,0,0,0,0,0,2075,4,0,0,0,0,0,0,0,0,0,0,0,0,0,0,0,0,0,0,0,0,3,0,0,0,0,0,0,0,0,0,0,0,0,0,0,0,0,0,0,0,0,0,0,0,0,0,4,0,0,0,3,0,0,0,0,0,0,0,0,0,0,0,4,0,0,0,0,0,0,0,0,0,0,0,0,0,1,0,0,0,0,0,0,0,0,0,0,0,0,0,0,0,0,0,0,0,0,0,0,0,0,0,0,4,0,2,0,0,0,0,0,0,0,0,0,0,0,8,0,0,0,0,0,0,0,0,0,0,0,5,0,0,0,0,0,0,0,0,0,0,0,0,0,0,0,0,0,0,0,0,0,0,0,0,0,0,0,0,0,0,0,0,0,0,0,0,0,0,0,0,0,0,0,0,0,0,0,0,0,0,0,0,0,0,0,0,0,0,0,0,0,0,0,0,0,0,0,0,0,0,0,0,0,0,0,0,0,0,0,0,0,0,0,0,0,0,0
1/27/20,0,0,0,0,0,0,0,0,5,0,0,0,0,0,0,0,0,0,0,0,0,0,0,0,1,0,1,0,0,1,0,0,2877,5,0,0,0,0,0,0,0,0,0,0,0,0,0,0,0,0,0,0,0,0,3,0,0,0,0,1,0,0,0,0,0,0,0,0,0,0,0,0,0,0,0,0,0,0,0,0,4,0,0,0,4,0,0,0,0,0,0,0,0,0,0,0,4,0,0,0,0,0,0,0,0,0,0,0,0,0,1,0,0,0,0,0,0,0,0,0,0,0,0,0,0,0,0,0,0,0,0,0,0,0,0,0,0,5,0,2,0,0,0,0,0,0,0,0,0,0,0,8,0,0,0,0,0,0,0,0,0,0,0,5,0,0,0,0,0,0,0,0,0,0,0,0,0,0,0,0,0,0,0,0,0,0,0,0,0,0,0,0,0,0,0,0,0,0,0,0,0,0,0,0,0,0,0,0,0,0,0,0,0,0,0,0,0,0,0,0,0,0,0,0,0,0,0,0,0,0,0,0,0,0,0,0,0,0,0,0,0,0,0,0,0,0,0,0,0,0,0
1/28/20,0,0,0,0,0,0,0,0,5,0,0,0,0,0,0,0,0,0,0,0,0,0,0,0,1,0,2,0,0,1,0,0,5509,8,0,0,0,0,0,0,0,0,0,0,0,0,0,0,0,0,0,0,0,0,4,0,0,0,0,4,0,0,0,0,0,0,0,0,0,0,0,0,0,0,0,0,0,0,0,0,7,0,0,0,4,0,0,0,0,0,0,0,0,0,0,0,4,0,0,0,0,0,0,0,0,0,0,0,0,0,1,0,0,0,0,0,0,0,0,0,0,0,0,0,0,0,0,0,0,0,0,0,0,0,0,0,0,7,0,2,0,0,0,0,0,0,0,0,0,0,0,14,0,0,0,0,0,0,0,0,0,0,0,5,0,0,0,0,0,0,0,0,0,0,0,0,0,0,0,0,0,0,0,0,0,0,0,0,0,0,0,0,0,0,0,0,0,0,0,0,0,0,0,0,0,0,0,0,0,0,0,0,0,0,0,0,0,0,0,0,0,0,0,0,0,0,0,0,0,0,0,0,0,0,0,0,0,0,0,0,0,0,0,0,0,0,0,0,0,0,0
1/29/20,0,0,0,0,0,0,0,0,6,0,0,0,0,0,0,0,0,0,0,0,0,0,0,0,1,0,2,0,0,1,0,0,6087,8,0,0,0,0,0,0,0,0,0,0,0,0,0,0,0,0,0,0,0,1,5,0,0,0,0,4,0,0,0,0,0,0,0,0,0,0,0,0,0,0,0,0,0,0,0,0,7,0,0,0,4,0,0,0,0,0,0,0,0,0,0,0,7,0,0,0,0,0,0,0,0,0,0,0,0,0,1,0,0,0,0,0,0,0,0,0,0,0,0,0,0,0,0,0,0,0,0,0,0,0,0,0,0,7,0,2,0,0,0,0,0,0,0,0,0,0,0,14,0,0,4,0,0,0,0,0,0,0,0,5,0,0,0,0,0,0,0,0,0,0,0,0,0,0,0,0,0,0,0,0,0,0,0,0,0,0,0,0,0,0,0,0,0,0,0,0,0,0,0,0,0,0,0,0,0,0,0,0,0,0,0,0,0,0,0,0,0,0,0,0,0,0,0,0,0,0,0,0,0,0,0,0,0,0,0,0,0,0,0,0,0,0,0,0,0,0,0
1/30/20,0,0,0,0,0,0,0,0,9,0,0,0,0,0,0,0,0,0,0,0,0,0,0,0,1,0,2,0,0,1,0,0,8141,9,0,0,0,0,0,0,0,0,0,0,0,0,0,0,0,0,0,0,0,1,5,0,0,0,0,4,0,0,0,0,0,0,0,0,0,0,0,1,0,0,0,0,0,0,0,0,11,0,0,0,4,0,0,0,0,0,0,0,0,0,0,0,8,0,0,0,0,0,0,0,0,0,0,0,0,0,1,0,0,0,0,0,0,0,0,0,0,0,1,0,0,0,0,0,0,0,0,0,0,0,0,0,0,10,0,2,0,0,0,0,0,0,0,0,0,0,0,14,0,0,4,0,0,0,0,0,0,0,0,5,0,0,0,0,0,0,0,0,0,0,0,0,0,0,0,0,0,0,0,0,0,0,0,0,0,0,0,0,0,0,0,0,0,0,0,0,0,0,0,0,0,0,0,0,0,0,0,0,0,0,0,0,0,0,0,0,0,0,0,0,0,0,0,0,0,0,0,0,0,0,0,0,0,0,0,0,0,0,0,0,0,0,0,0,0,0,0
1/31/20,0,0,0,0,0,0,0,0,9,0,0,0,0,0,0,0,0,0,0,0,0,0,0,0,1,0,4,0,0,1,0,0,9802,10,0,0,0,0,0,0,0,0,0,0,0,0,0,0,0,0,0,0,0,1,5,0,0,0,0,5,0,0,0,0,0,0,0,0,0,0,0,1,0,0,0,0,0,2,0,0,15,0,0,0,11,0,0,0,0,0,0,0,0,0,0,0,8,0,0,0,0,0,0,0,0,0,0,0,0,0,1,0,0,0,0,0,0,0,0,0,0,0,1,0,0,0,0,0,2,0,0,0,0,0,0,0,0,13,0,2,0,0,0,0,0,0,0,0,1,0,0,19,0,0,4,0,0,0,0,0,0,2,0,7,0,0,0,0,0,0,0,0,0,0,0,0,0,0,0,0,0,0,0,0,0,0,0,0,0,0,0,0,0,0,0,0,0,0,0,0,0,0,0,0,0,0,0,0,0,0,0,0,0,0,0,0,0,0,0,0,0,0,0,0,0,0,0,0,0,0,0,0,0,0,0,0,0,0,0,0,0,0,0,0,0,0,0,0,0,0,0
2/1/20,0,0,0,0,0,0,0,0,12,0,0,0,0,0,0,0,0,0,0,0,0,0,0,0,1,0,4,0,0,1,0,0,11891,10,0,0,0,0,0,0,0,0,0,0,0,0,0,0,0,0,0,0,0,1,6,0,0,0,0,8,0,0,0,0,0,0,0,0,0,0,0,1,0,0,0,0,0,2,0,0,20,0,0,0,12,0,0,0,0,0,0,0,0,0,0,0,8,0,0,0,0,0,0,0,0,0,0,0,0,0,1,0,0,0,0,0,0,0,0,0,0,0,1,0,0,0,0,0,2,0,0,0,0,0,0,0,0,16,0,6,0,0,0,0,1,0,0,0,1,0,0,19,0,0,4,0,0,0,0,0,0,2,0,8,0,0,0,0,0,0,0,0,0,0,0,0,0,0,0,0,0,0,0,0,0,0,0,0,0,0,0,0,0,0,0,0,0,0,0,0,0,0,0,0,0,0,0,0,0,0,0,0,0,0,0,0,0,0,0,0,0,0,0,0,0,0,0,0,0,0,0,0,0,0,0,0,0,0,0,0,0,0,0,0,0,0,0,0,0,0,0
2/2/20,0,0,0,0,0,0,0,0,12,0,0,0,0,0,0,0,0,0,0,0,0,0,0,0,1,0,4,0,0,1,0,0,16630,10,0,0,0,0,0,0,0,0,0,0,0,0,0,0,0,0,0,0,0,1,6,0,0,0,0,10,0,0,0,0,0,0,0,0,0,0,0,2,0,0,0,0,0,2,0,0,20,0,0,0,15,0,0,0,0,0,0,0,0,0,0,0,8,0,0,0,0,0,0,0,0,0,0,0,0,0,1,0,0,0,0,0,0,0,0,0,0,0,2,0,0,0,0,0,2,0,0,0,0,0,0,0,0,18,0,6,0,0,0,0,1,0,0,0,1,0,0,19,0,0,5,0,0,0,0,0,0,2,0,8,0,0,0,0,0,0,0,0,0,0,0,0,0,0,0,0,0,0,0,0,0,0,0,0,0,0,0,0,0,0,0,0,0,0,0,0,0,0,0,0,0,0,0,0,0,0,0,0,0,0,0,0,0,0,0,0,0,0,0,0,0,0,0,0,0,0,0,0,0,0,0,0,0,0,0,0,0,0,0,0,0,0,0,0,0,0,0
2/3/20,0,0,0,0,0,0,0,0,12,0,0,0,0,0,0,0,0,0,0,0,0,0,0,0,1,0,4,0,0,1,0,0,19716,10,0,0,0,0,0,0,0,0,0,0,0,0,0,0,0,0,0,0,0,1,6,0,0,0,0,12,0,0,0,0,0,0,0,0,0,0,0,3,0,0,0,0,0,2,0,0,20,0,0,0,15,0,0,0,0,0,0,0,0,0,0,0,8,0,0,0,0,0,0,0,0,0,0,0,0,0,1,0,0,0,0,0,0,0,0,0,0,0,2,0,0,0,0,0,2,0,0,0,0,0,0,0,0,18,0,8,0,0,0,0,1,0,0,0,1,0,0,19,0,0,5,0,0,0,0,0,0,2,0,11,0,0,0,0,0,0,0,0,0,0,0,0,0,0,0,0,0,0,0,0,0,0,0,0,0,0,0,0,0,0,0,0,0,0,0,0,0,0,0,0,0,0,0,0,0,0,0,0,0,0,0,0,0,0,0,0,0,0,0,0,0,0,0,0,0,0,0,0,0,0,0,0,0,0,0,0,0,0,0,0,0,0,0,0,0,0,0
2/4/20,0,0,0,0,0,0,0,0,13,0,0,0,0,0,0,1,0,0,0,0,0,0,0,0,1,0,4,0,0,1,0,0,23707,11,0,0,0,0,0,0,0,0,0,0,0,0,0,0,0,0,0,0,0,1,6,0,0,0,0,12,0,0,0,0,0,0,0,0,0,0,0,3,0,0,0,0,0,2,0,0,22,0,0,0,16,0,0,0,0,0,0,0,0,0,0,0,10,0,0,0,0,0,0,0,0,0,0,0,0,0,1,0,0,0,0,0,0,0,0,0,0,0,2,0,0,0,0,0,2,0,0,0,0,0,0,0,0,24,0,8,0,0,0,0,1,0,0,0,1,0,0,25,0,0,5,0,0,0,0,0,0,2,0,11,0,0,0,0,0,0,0,0,0,0,0,0,0,0,0,0,0,0,0,0,0,0,0,0,0,0,0,0,0,0,0,0,0,0,0,0,0,0,0,0,0,0,0,0,0,0,0,0,0,0,0,0,0,0,0,0,0,0,0,0,0,0,0,0,0,0,0,0,0,0,0,0,0,0,0,0,0,0,0,0,0,0,0,0,0,0,0
2/5/20,0,0,0,0,0,0,0,0,13,0,0,0,0,0,0,1,0,0,0,0,0,0,0,0,1,0,5,0,0,1,0,0,27440,11,0,0,0,0,0,0,0,0,0,0,0,0,0,0,0,0,0,0,0,1,6,0,0,0,0,12,0,0,0,0,0,0,0,0,0,0,0,3,0,0,0,0,0,2,0,0,22,0,0,0,19,0,0,0,0,0,0,0,0,0,0,0,12,0,0,0,0,0,0,0,0,0,0,0,0,0,1,0,0,0,0,0,0,0,0,0,0,0,2,0,0,0,0,0,2,0,0,0,0,0,0,0,0,28,0,8,0,0,0,0,1,0,0,0,1,0,0,25,0,0,5,0,0,0,0,0,0,2,0,11,0,0,0,0,0,0,0,0,0,0,0,0,0,0,0,0,0,0,0,0,0,0,0,0,0,0,0,0,0,0,0,0,0,0,0,0,0,0,0,0,0,0,0,0,0,0,0,0,0,0,0,0,0,0,0,0,0,0,0,0,0,0,0,0,0,0,0,0,0,0,0,0,0,0,0,0,0,0,0,0,0,0,0,0,0,0,0
2/6/20,0,0,0,0,0,0,0,0,14,0,0,0,0,0,0,1,0,0,0,0,0,0,0,0,1,0,5,0,0,1,0,0,30587,16,0,0,0,0,0,0,0,0,0,0,0,0,0,0,0,0,0,0,0,1,6,0,0,0,0,12,0,0,0,0,0,0,0,0,0,0,0,3,0,0,0,0,0,2,0,0,22,0,0,0,23,0,0,0,0,0,0,0,0,0,0,0,12,0,0,0,0,0,0,0,0,0,0,0,0,0,1,0,0,0,0,0,0,0,0,0,0,0,2,0,0,0,0,0,2,0,0,0,0,0,0,0,0,28,0,10,0,0,0,0,1,0,0,0,1,0,0,25,0,0,5,0,0,0,0,0,0,2,0,11,0,0,0,0,0,0,0,0,0,0,0,0,0,0,0,0,0,0,0,0,0,0,0,0,0,0,0,0,0,0,0,0,0,0,0,0,0,0,0,0,0,0,0,0,0,0,0,0,0,0,0,0,0,0,0,0,0,0,0,0,0,0,0,0,0,0,0,0,0,0,0,0,0,0,0,0,0,0,0,0,0,0,0,0,0,0,0
2/7/20,0,0,0,0,0,0,0,0,15,0,0,0,0,0,0,1,0,0,0,0,0,0,0,0,1,0,7,0,0,1,0,0,34110,16,0,0,0,0,0,0,0,0,0,0,0,0,0,0,0,0,0,0,0,1,6,0,0,0,0,13,0,0,0,0,0,0,0,0,0,0,0,3,0,0,0,0,0,3,0,0,25,0,0,0,24,0,0,0,0,0,0,0,0,0,0,0,12,0,0,0,0,0,0,0,0,0,0,0,0,0,1,0,0,0,0,0,0,0,0,0,0,0,3,0,0,0,0,0,2,0,0,0,0,0,0,0,0,30,0,10,0,0,0,0,1,0,0,0,1,0,0,25,0,0,5,0,0,0,0,0,0,3,0,11,0,0,0,0,0,0,0,0,0,0,0,0,0,0,0,0,0,0,0,0,0,0,0,0,0,0,0,0,0,0,0,0,0,0,0,0,0,0,0,0,0,0,0,0,0,0,0,0,0,0,0,0,0,0,0,0,0,0,0,0,0,0,0,0,0,0,0,0,0,0,0,0,0,0,0,0,0,0,0,0,0,0,0,0,0,0,0
2/8/20,0,0,0,0,0,0,0,0,15,0,0,0,0,0,0,1,0,0,0,0,0,0,0,0,1,0,7,0,0,1,0,0,36814,17,0,0,0,0,0,0,0,0,0,0,0,0,0,0,0,0,0,0,0,1,11,0,0,0,0,13,0,0,0,0,0,0,0,0,0,0,0,3,0,0,0,0,0,3,0,0,25,0,0,0,24,0,0,0,0,0,0,0,0,0,0,0,16,0,0,0,0,0,0,0,0,0,0,0,0,0,1,0,0,0,0,0,0,0,0,0,0,0,3,0,0,0,0,0,2,0,0,0,0,0,0,0,0,33,0,13,0,0,0,0,1,0,0,0,1,0,0,32,0,0,7,0,0,0,0,0,0,3,0,11,0,0,0,0,0,0,0,0,0,0,0,0,0,0,0,0,0,0,0,0,0,0,0,0,0,0,0,0,0,0,0,0,0,0,0,0,0,0,0,0,0,0,0,0,0,0,0,0,0,0,0,0,0,0,0,0,0,0,0,0,0,0,0,0,0,0,0,0,0,0,0,0,0,0,0,0,0,0,0,0,0,0,0,0,0,0,0
2/9/20,0,0,0,0,0,0,0,0,15,0,0,0,0,0,0,1,0,0,0,0,0,0,0,0,1,0,7,0,0,1,0,0,39829,18,0,0,0,0,0,0,0,0,0,0,0,0,0,0,0,0,0,0,0,1,11,0,0,0,0,14,0,0,0,0,0,0,0,0,0,0,0,3,0,0,0,0,0,3,0,0,26,0,0,0,25,0,0,0,0,0,0,0,0,0,0,0,16,0,0,0,0,0,0,0,0,0,0,0,0,0,1,0,0,0,0,0,0,0,0,0,0,0,3,0,0,0,0,0,2,0,0,0,0,0,0,0,0,40,0,13,0,0,0,0,2,0,0,0,1,0,0,32,0,0,7,0,0,0,0,0,0,3,0,11,0,0,0,0,0,0,0,0,0,0,0,0,0,0,0,0,0,0,0,0,0,0,0,0,0,0,0,0,0,0,0,0,0,0,0,0,0,0,0,0,0,0,0,0,0,0,0,0,0,0,0,0,0,0,0,0,0,0,0,0,0,0,0,0,0,0,0,0,0,0,0,0,0,0,0,0,0,0,0,0,0,0,0,0,0,0,0
2/10/20,0,0,0,0,0,0,0,0,15,0,0,0,0,0,0,1,0,0,0,0,0,0,0,0,1,0,7,0,0,1,0,0,42354,18,0,0,0,0,0,0,0,0,0,0,0,0,0,0,0,0,0,0,0,1,11,0,0,0,0,14,0,0,0,0,0,0,0,0,0,0,0,3,0,0,0,0,0,3,0,0,26,0,0,0,27,0,0,0,0,0,0,0,0,0,0,0,18,0,0,0,0,0,0,0,0,0,0,0,0,0,1,0,0,0,0,0,0,0,0,0,0,0,3,0,0,0,0,0,2,0,0,0,0,0,0,0,0,45,0,14,0,0,0,0,2,0,0,0,1,0,0,32,0,0,8,0,0,0,0,0,0,8,0,11,0,0,0,0,0,0,0,0,0,0,0,0,0,0,0,0,0,0,0,0,0,0,0,0,0,0,0,0,0,0,0,0,0,0,0,0,0,0,0,0,0,0,0,0,0,0,0,0,0,0,0,0,0,0,0,0,0,0,0,0,0,0,0,0,0,0,0,0,0,0,0,0,0,0,0,0,0,0,0,0,0,0,0,0,0,0,0
2/11/20,0,0,0,0,0,0,0,0,15,0,0,0,0,0,0,1,0,0,0,0,0,0,0,0,1,0,7,0,0,1,0,0,44386,18,0,0,0,0,0,0,0,0,0,0,0,0,0,0,0,0,0,0,0,1,11,0,0,0,0,16,0,0,0,0,0,0,0,0,0,0,0,3,0,0,0,0,0,3,0,0,26,0,0,0,28,0,0,0,0,0,0,0,0,0,0,0,18,0,0,0,0,0,0,0,0,0,0,0,0,0,1,0,0,0,0,0,0,0,0,0,0,0,3,0,0,0,0,0,2,0,0,0,0,0,0,0,0,47,0,15,0,0,0,0,2,0,0,0,1,0,0,33,0,0,8,0,0,0,0,0,0,8,0,12,0,0,0,0,0,0,0,0,0,0,0,0,0,0,0,0,0,0,0,0,0,0,0,0,0,0,0,0,0,0,0,0,0,0,0,0,0,0,0,0,0,0,0,0,0,0,0,0,0,0,0,0,0,0,0,0,0,0,0,0,0,0,0,0,0,0,0,0,0,0,0,0,0,0,0,0,0,0,0,0,0,0,0,0,0,0,0
2/12/20,0,0,0,0,0,0,0,0,15,0,0,0,0,0,0,1,0,0,0,0,0,0,0,0,1,0,7,0,0,1,0,0,44759,18,0,0,0,0,0,0,0,0,0,0,0,0,0,0,0,0,0,0,0,1,11,0,0,0,0,16,0,0,0,0,0,0,0,0,0,0,0,3,0,0,0,0,0,3,0,0,28,0,0,0,28,0,0,0,0,0,0,0,0,0,0,0,18,0,0,0,0,0,0,0,0,0,0,0,0,0,1,0,0,0,0,0,0,0,0,0,0,0,3,0,0,0,0,0,2,0,0,0,0,0,0,0,0,50,0,15,0,0,0,0,2,0,0,0,1,0,0,33,0,0,8,0,0,0,0,0,0,9,0,12,0,0,0,0,0,0,0,0,0,0,0,0,0,0,0,0,0,0,0,0,0,0,0,0,0,0,0,0,0,0,0,0,0,0,0,0,0,0,0,0,0,0,0,0,0,0,0,0,0,0,0,0,0,0,0,0,0,0,0,0,0,0,0,0,0,0,0,0,0,0,0,0,0,0,0,0,0,0,0,0,0,0,0,0,0,0,0
2/13/20,0,0,0,0,0,0,0,0,15,0,0,0,0,0,0,1,0,0,0,0,0,0,0,0,1,0,7,0,0,1,0,0,59895,18,0,0,0,0,0,0,0,0,0,0,0,0,0,0,0,0,0,0,0,1,11,0,0,0,0,16,0,0,0,0,0,0,0,0,0,0,0,3,0,0,0,0,0,3,0,0,28,0,0,0,28,0,0,0,0,0,0,0,0,0,0,0,19,0,0,0,0,0,0,0,0,0,0,0,0,0,1,0,0,0,0,0,0,0,0,0,0,0,3,0,0,0,0,0,2,0,0,0,0,0,0,0,0,58,0,16,0,0,0,0,2,0,0,0,1,0,0,33,0,0,8,0,0,0,0,0,0,9,0,13,0,0,0,0,0,0,0,0,0,0,0,0,0,0,0,0,0,0,0,0,0,0,0,0,0,0,0,0,0,0,0,0,0,0,0,0,0,0,0,0,0,0,0,0,0,0,0,0,0,0,0,0,0,0,0,0,0,0,0,0,0,0,0,0,0,0,0,0,0,0,0,0,0,0,0,0,0,0,0,0,0,0,0,0,0,0,0
2/14/20,0,0,0,0,0,0,0,0,15,0,0,0,0,0,0,1,0,0,0,0,0,0,0,0,1,0,7,0,0,1,0,0,66358,18,0,0,0,0,0,0,0,0,0,0,0,0,0,0,0,0,0,0,0,1,11,0,0,0,0,16,0,0,0,0,0,0,0,0,0,0,0,3,0,0,0,0,0,3,0,0,29,0,0,0,28,0,0,0,0,0,0,0,0,0,0,0,19,0,0,0,0,0,0,0,0,0,0,0,0,0,1,0,0,0,0,0,0,0,0,0,0,0,3,0,0,0,0,0,2,0,0,0,0,0,0,0,0,67,0,16,0,0,0,0,2,0,0,0,1,0,0,33,0,0,8,0,0,0,0,0,1,9,0,13,0,0,0,0,0,0,0,0,0,0,0,0,0,0,0,0,0,0,0,0,0,0,0,0,0,0,0,0,0,0,0,0,0,0,0,0,0,0,0,0,0,0,0,0,0,0,0,0,0,0,0,0,0,0,0,0,0,0,0,0,0,0,0,0,0,0,0,0,0,0,0,0,0,0,0,0,0,0,0,0,0,0,0,0,0,0,0
2/15/20,0,0,0,0,0,0,0,0,15,0,0,0,0,0,0,1,0,0,0,0,0,0,0,0,1,0,7,0,0,1,0,0,68413,18,0,0,0,0,0,0,0,0,0,0,0,0,0,0,0,0,0,0,0,1,12,0,0,0,0,16,0,0,0,0,0,0,0,0,0,0,0,3,0,0,0,0,0,3,0,0,43,0,0,0,28,0,0,0,0,0,0,0,0,0,0,0,22,0,0,0,0,0,0,0,0,0,0,0,0,0,1,0,0,0,0,0,0,0,0,0,0,0,3,0,0,0,0,0,2,0,0,0,0,0,0,0,0,72,0,16,0,0,0,0,2,0,0,0,1,0,0,33,0,0,8,0,0,0,0,0,1,9,0,13,0,0,0,0,0,0,0,0,0,0,0,0,0,0,0,0,0,0,0,0,0,0,0,0,0,0,0,0,0,0,0,0,0,0,0,0,0,0,0,0,0,0,0,0,0,0,0,0,0,0,0,0,0,0,0,0,0,0,0,0,0,0,0,0,0,0,0,0,0,0,0,0,0,0,0,0,0,0,0,0,0,0,0,0,0,0,0
2/16/20,0,0,0,0,0,0,0,0,15,0,0,0,0,0,0,1,0,0,0,0,0,0,0,0,1,0,7,0,0,1,0,0,70513,20,0,0,0,0,0,0,0,0,0,0,0,0,0,0,0,0,0,0,0,1,12,0,0,0,0,16,0,0,0,0,0,0,0,0,0,0,0,3,0,0,0,0,0,3,0,0,59,0,0,0,29,0,0,0,0,0,0,0,0,0,0,0,22,0,0,0,0,0,0,0,0,0,0,0,0,0,1,0,0,0,0,0,0,0,0,0,0,0,3,0,0,0,0,0,2,0,0,0,0,0,0,0,0,75,0,16,0,0,0,0,2,0,0,0,1,0,0,34,0,0,9,0,0,0,0,0,1,9,0,13,0,0,0,0,0,0,0,0,0,0,0,0,0,0,0,0,0,0,0,0,0,0,0,0,0,0,0,0,0,0,0,0,0,0,0,0,0,0,0,0,0,0,0,0,0,0,0,0,0,0,0,0,0,0,0,0,0,0,0,0,0,0,0,0,0,0,0,0,0,0,0,0,0,0,0,0,0,0,0,0,0,0,0,0,0,0,0
2/17/20,0,0,0,0,0,0,0,0,15,0,0,0,0,0,0,1,0,0,0,0,0,0,0,0,1,0,8,0,0,1,0,0,72434,22,0,0,0,0,0,0,0,0,0,0,0,0,0,0,0,0,0,0,0,1,12,0,0,0,0,16,0,0,0,0,0,0,0,0,0,0,0,3,0,0,0,0,0,3,0,0,66,0,0,0,30,0,0,0,0,0,0,0,0,0,0,0,22,0,0,0,0,0,0,0,0,0,0,0,0,0,1,0,0,0,0,0,0,0,0,0,0,0,3,0,0,0,0,0,2,0,0,0,0,0,0,0,0,77,0,16,0,0,0,0,2,0,0,0,1,0,0,35,0,0,9,0,0,0,0,0,1,9,0,13,0,0,0,0,0,0,0,0,0,0,0,0,0,0,0,0,0,0,0,0,0,0,0,0,0,0,0,0,0,0,0,0,0,0,0,0,0,0,0,0,0,0,0,0,0,0,0,0,0,0,0,0,0,0,0,0,0,0,0,0,0,0,0,0,0,0,0,0,0,0,0,0,0,0,0,0,0,0,0,0,0,0,0,0,0,0,0
2/18/20,0,0,0,0,0,0,0,0,15,0,0,0,0,0,0,1,0,0,0,0,0,0,0,0,1,0,8,0,0,1,0,0,74211,22,0,0,0,0,0,0,0,0,0,0,0,0,0,0,0,0,0,0,0,1,12,0,0,0,0,16,0,0,0,0,0,0,0,0,0,0,0,3,0,0,0,0,0,3,0,0,74,0,0,0,31,0,0,0,0,0,0,0,0,0,0,0,22,0,0,0,0,0,0,0,0,0,0,0,0,0,1,0,0,0,0,0,0,0,0,0,0,0,3,0,0,0,0,0,2,0,0,0,0,0,0,0,0,81,0,16,0,0,0,0,2,0,0,0,1,0,0,35,0,0,9,0,0,0,0,0,1,9,0,13,0,0,0,0,0,0,0,0,0,0,0,0,0,0,0,0,0,0,0,0,0,0,0,0,0,0,0,0,0,0,0,0,0,0,0,0,0,0,0,0,0,0,0,0,0,0,0,0,0,0,0,0,0,0,0,0,0,0,0,0,0,0,0,0,0,0,0,0,0,0,0,0,0,0,0,0,0,0,0,0,0,0,0,0,0,0,0
2/19/20,0,0,0,0,0,0,0,0,15,0,0,0,0,0,0,1,0,0,0,0,0,0,0,0,1,0,8,0,0,1,0,0,74619,23,0,0,0,0,0,0,0,0,0,0,0,0,0,0,0,0,0,0,0,1,12,0,0,0,0,16,0,0,0,0,0,0,0,0,0,0,0,3,0,2,0,0,0,3,0,0,84,0,0,0,31,0,0,0,0,0,0,0,0,0,0,0,22,0,0,0,0,0,0,0,0,0,0,0,0,0,1,0,0,0,0,0,0,0,0,0,0,0,3,0,0,0,0,0,2,0,0,0,0,0,0,0,0,84,0,16,0,0,0,0,2,0,0,0,1,0,0,35,0,0,9,0,0,0,0,0,1,9,0,13,0,0,0,0,0,0,0,0,0,0,0,0,0,0,0,0,0,0,0,0,0,0,0,0,0,0,0,0,0,0,0,0,0,0,0,0,0,0,0,0,0,0,0,0,0,0,0,0,0,0,0,0,0,0,0,0,0,0,0,0,0,0,0,0,0,0,0,0,0,0,0,0,0,0,0,0,0,0,0,0,0,0,0,0,0,0,0
2/20/20,0,0,0,0,0,0,0,0,15,0,0,0,0,0,0,1,0,0,0,0,0,0,0,0,1,0,8,0,0,1,0,0,75077,24,0,0,0,0,0,0,0,0,0,0,0,0,0,0,0,0,0,0,0,1,12,0,0,0,0,16,0,0,0,0,0,0,0,0,0,0,0,3,0,5,0,0,0,3,0,0,94,0,0,0,104,0,0,0,0,0,0,0,0,0,0,0,22,0,0,0,0,0,0,0,0,0,0,0,0,0,1,0,0,0,0,0,0,0,0,0,0,0,3,0,0,0,0,0,2,0,0,0,0,0,0,0,0,84,0,16,0,0,0,0,2,0,0,0,1,0,0,35,0,0,9,0,0,0,0,0,1,9,0,13,0,0,0,0,0,0,0,0,0,0,0,0,0,0,0,0,0,0,0,0,0,0,0,0,0,0,0,0,0,0,0,0,0,0,0,0,0,0,0,0,0,0,0,0,0,0,0,0,0,0,0,0,0,0,0,0,0,0,0,0,0,0,0,0,0,0,0,0,0,0,0,0,0,0,0,0,0,0,0,0,0,0,0,0,0,0,0
2/21/20,0,0,0,0,0,0,0,0,15,0,0,0,0,0,0,1,0,0,0,0,0,0,0,0,1,0,9,0,0,1,0,0,75550,26,0,0,0,0,0,0,0,0,0,0,0,0,0,0,0,0,0,0,0,1,12,0,0,0,0,16,0,0,0,0,0,0,0,0,0,0,0,3,0,18,0,0,1,20,0,0,105,0,0,0,204,0,0,0,1,0,0,0,0,0,0,0,22,0,0,0,0,0,0,0,0,0,0,0,0,0,1,0,0,0,0,0,0,0,0,0,0,0,3,0,0,0,0,0,2,0,0,0,0,0,0,0,0,85,0,16,0,0,0,0,2,0,0,0,1,0,0,35,0,0,9,0,0,0,0,0,1,9,0,15,0,0,0,0,0,0,0,0,0,0,0,0,0,0,0,0,0,0,0,0,0,0,0,0,0,0,0,0,0,0,0,0,0,0,0,0,0,0,0,0,0,0,0,0,0,0,0,0,0,0,0,0,0,0,0,0,0,0,0,0,0,0,0,0,0,0,0,0,0,0,0,0,0,0,0,0,0,0,0,0,0,0,0,0,0,0,0
2/22/20,0,0,0,0,0,0,0,0,15,0,0,0,0,0,0,1,0,0,0,0,0,0,0,0,1,0,9,0,0,1,0,0,77001,26,0,0,0,0,0,0,0,0,0,0,0,0,0,0,0,0,0,0,0,1,12,0,0,0,0,16,0,0,0,0,0,0,0,0,0,0,0,3,0,28,0,0,1,62,0,0,122,0,0,0,433,0,0,0,1,0,0,0,0,0,0,0,22,0,0,0,0,0,0,0,0,0,0,0,0,0,1,0,0,0,0,0,0,0,0,0,0,0,3,0,0,0,0,0,2,0,0,0,0,0,0,0,0,85,0,16,0,0,0,0,2,0,0,0,1,0,0,35,0,0,13,0,0,0,0,0,1,9,0,15,0,0,0,0,0,0,0,0,0,0,0,0,0,0,0,0,0,0,0,0,0,0,0,0,0,0,0,0,0,0,0,0,0,0,0,0,0,0,0,0,0,0,0,0,0,0,0,0,0,0,0,0,0,0,0,0,0,0,0,0,0,0,0,0,0,0,0,0,0,0,0,0,0,0,0,0,0,0,0,0,0,0,0,0,0,0,0
2/23/20,0,0,0,0,0,0,0,0,15,0,0,0,0,0,0,1,0,0,0,0,0,0,0,0,1,0,9,0,0,1,0,0,77022,28,0,0,0,0,0,0,0,0,0,0,0,0,0,0,0,0,0,0,0,1,12,0,0,0,0,16,0,0,0,0,0,0,0,0,0,0,0,3,0,43,0,0,1,155,0,0,147,0,0,0,602,0,0,0,1,0,0,0,0,0,0,0,22,0,0,0,0,0,0,0,0,0,0,0,0,0,1,0,0,0,0,0,0,0,0,0,0,0,3,0,0,0,0,0,2,0,0,0,0,0,0,0,0,89,0,16,0,0,0,0,2,0,0,0,1,0,0,35,0,0,13,0,0,0,0,0,1,9,0,15,0,0,0,0,0,0,0,0,0,0,0,0,0,0,0,0,0,0,0,0,0,0,0,0,0,0,0,0,0,0,0,0,0,0,0,0,0,0,0,0,0,0,0,0,0,0,0,0,0,0,0,0,0,0,0,0,0,0,0,0,0,0,0,0,0,0,0,0,0,0,0,0,0,0,0,0,0,0,0,0,0,0,0,0,0,0,0
2/24/20,1,0,0,0,0,0,0,0,15,0,0,1,0,0,0,1,0,0,0,0,0,0,0,0,1,0,10,0,0,1,0,0,77241,30,0,0,0,0,0,0,0,0,0,0,0,0,0,0,0,0,0,0,0,1,12,0,0,0,0,16,0,0,0,0,0,0,0,0,0,0,0,3,0,61,1,0,1,229,0,0,159,0,0,0,833,1,0,0,1,0,0,0,0,0,0,0,22,0,0,0,0,0,0,0,0,0,0,0,2,0,1,0,0,0,0,0,0,0,0,0,0,0,3,0,0,0,0,0,2,0,0,0,0,0,0,0,0,89,0,16,0,0,0,0,2,0,0,0,1,0,0,35,0,0,13,0,0,0,0,0,1,13,0,51,0,0,0,0,0,0,0,0,0,0,0,0,0,0,0,0,0,0,0,0,0,0,0,0,0,0,0,0,0,0,0,0,0,0,0,0,0,0,0,0,0,0,0,0,0,0,0,0,0,0,0,0,0,0,0,0,0,0,0,0,0,0,0,0,0,0,0,0,0,0,0,0,0,0,0,0,0,0,0,0,0,0,0,0,0,0,0
2/25/20,1,0,1,0,0,0,0,0,15,2,0,23,0,0,0,1,0,0,0,0,0,0,0,0,1,0,11,0,0,1,0,0,77754,31,0,0,0,0,1,0,0,0,0,0,0,0,0,0,0,0,0,0,0,1,14,0,0,0,0,17,0,0,0,0,0,0,0,0,0,0,0,3,0,95,1,0,1,322,0,0,170,0,0,0,977,11,0,0,1,0,0,0,0,0,0,0,22,0,0,0,0,0,0,0,0,0,0,0,2,0,1,0,0,0,0,0,0,0,0,0,0,0,3,0,0,0,0,0,2,0,0,0,0,0,0,0,0,91,0,16,0,0,0,0,6,0,0,0,1,1,0,37,0,0,13,0,0,0,0,0,1,13,0,51,0,0,0,0,0,0,0,0,0,0,0,0,0,0,0,0,0,0,0,0,0,0,0,0,0,0,0,0,0,0,0,0,0,0,0,0,0,0,0,0,0,0,0,0,0,0,0,0,0,0,0,0,0,0,0,0,0,0,0,0,0,0,0,0,0,0,0,0,0,0,0,0,0,0,0,0,0,0,0,0,0,0,0,0,0,0,0
2/26/20,1,0,1,0,0,0,0,0,15,2,0,33,0,0,0,1,0,0,0,1,0,0,0,0,1,0,11,0,0,1,0,0,78166,32,0,0,0,0,3,0,0,0,0,0,0,0,0,0,0,0,0,0,0,2,18,0,0,1,0,27,0,1,0,0,0,0,0,0,0,0,0,3,0,139,5,0,2,453,0,0,189,0,0,0,1261,26,0,0,2,0,0,0,0,0,0,0,22,0,0,0,0,0,0,0,0,0,0,0,4,0,1,0,0,0,0,0,1,2,0,0,0,0,3,0,0,0,0,1,2,0,0,0,0,0,0,0,0,93,0,16,0,0,0,0,13,0,0,0,2,1,0,40,0,0,13,0,0,0,0,1,1,13,0,57,0,0,0,0,0,0,0,0,0,0,0,0,0,0,0,0,0,0,0,0,0,0,0,0,0,0,0,0,0,0,0,0,0,0,0,0,0,0,0,0,0,0,0,0,0,0,0,0,0,0,0,0,0,0,0,0,0,0,0,0,0,0,0,0,0,0,0,0,0,0,0,0,0,0,0,0,0,0,0,0,0,0,0,0,0,0,0
2/27/20,1,0,1,0,0,0,0,0,15,3,0,33,0,0,0,1,0,0,0,1,0,0,0,0,1,0,13,0,0,1,0,0,78600,32,0,0,0,0,3,0,0,0,0,1,0,0,0,0,0,0,0,1,0,2,38,0,0,1,0,46,0,3,0,0,0,0,0,0,0,0,0,3,0,245,7,0,3,655,0,0,214,0,0,0,1766,43,0,0,2,0,0,0,0,0,0,0,23,0,0,0,0,0,0,0,0,0,0,0,4,0,1,1,0,0,0,0,1,2,0,0,0,0,3,0,0,0,0,1,2,0,0,0,1,0,0,0,0,93,0,16,0,0,0,0,15,0,0,0,7,8,0,40,0,0,13,0,0,0,0,1,1,15,0,58,0,0,0,0,0,0,0,0,0,0,0,0,0,0,0,0,0,0,0,0,0,0,0,0,0,0,0,0,0,0,0,0,0,0,0,0,0,0,0,0,0,0,0,0,0,0,0,0,0,0,0,0,0,0,0,0,0,0,0,0,0,0,0,0,0,0,0,0,0,0,0,0,0,0,0,0,0,0,0,0,0,0,0,0,0,0,0
2/28/20,1,0,1,0,0,0,0,0,15,3,0,36,0,0,0,1,0,0,0,1,0,0,0,1,1,0,14,0,0,1,0,0,78928,34,0,0,0,0,5,0,0,0,0,1,0,0,0,0,0,0,0,1,0,2,57,0,0,1,0,48,0,4,0,0,0,0,0,0,0,0,1,3,0,388,7,0,4,888,0,0,228,0,0,0,2337,45,0,0,2,0,0,0,0,1,0,0,23,0,0,0,0,1,0,0,0,0,0,0,4,0,1,1,1,0,0,1,6,2,0,0,0,0,3,0,0,0,0,3,2,0,0,0,1,0,0,0,0,93,0,16,0,0,0,0,32,0,0,0,7,8,0,41,0,0,19,0,0,0,0,1,1,20,0,60,0,0,0,0,0,0,0,0,0,0,0,0,0,0,0,0,0,0,0,0,0,0,0,0,0,0,0,0,0,0,0,0,0,0,0,0,0,0,0,0,0,0,0,0,0,0,0,0,0,0,0,0,0,0,0,0,0,0,0,0,0,0,0,0,0,0,0,0,0,0,0,0,0,0,0,0,0,0,0,0,0,0,0,0,0,0,0
2/29/20,1,0,1,0,0,0,0,0,25,9,0,41,0,0,0,1,0,0,0,2,0,0,0,1,1,0,20,0,0,1,0,0,79356,39,0,0,0,0,6,0,0,0,0,3,0,0,0,0,0,0,0,1,0,3,100,0,0,1,0,79,0,4,0,0,0,0,0,0,0,0,1,3,0,593,13,1,7,1128,0,0,241,0,0,0,3150,45,0,0,4,0,0,0,0,1,1,0,25,0,0,0,0,4,1,0,0,0,0,0,6,0,1,6,1,0,0,1,15,4,0,0,0,0,3,0,0,0,1,3,2,0,0,0,1,0,0,0,0,102,0,16,0,0,0,0,45,0,0,0,12,18,0,42,0,0,21,0,0,0,0,1,1,23,0,68,0,0,0,0,0,0,0,0,0,0,0,0,0,0,0,0,0,0,0,0,0,0,0,0,0,0,0,0,0,0,0,0,0,0,0,0,0,0,0,0,0,0,0,0,0,0,0,0,0,0,0,0,0,0,0,0,0,0,0,0,0,0,0,0,0,0,0,0,0,0,0,0,0,0,0,0,0,0,0,0,0,0,0,0,0,0,0
3/1/20,1,0,1,0,0,0,3,0,27,14,0,47,0,1,0,2,0,0,0,2,0,0,0,1,1,0,24,0,0,1,0,0,79932,40,0,0,0,0,7,0,0,3,0,4,0,1,6,0,0,0,0,1,0,6,130,0,0,3,0,130,0,7,0,0,0,0,0,0,0,0,3,3,0,978,19,1,10,1694,0,0,256,0,0,0,3736,45,0,0,10,0,0,0,0,1,1,0,29,0,0,0,0,5,1,0,0,0,0,0,6,0,1,10,1,0,0,1,19,4,0,0,0,0,3,0,0,0,3,3,2,0,0,0,1,0,0,0,0,106,0,16,0,0,0,0,84,0,0,0,14,27,0,42,0,0,21,0,0,0,0,1,2,36,0,74,0,0,0,0,0,0,0,0,0,0,0,0,0,0,0,0,0,0,0,0,0,0,0,0,0,0,0,0,0,0,0,0,0,0,0,0,0,0,0,0,0,0,0,0,0,0,0,0,0,0,0,0,0,0,0,0,0,0,0,0,0,0,0,0,0,0,0,0,0,0,0,0,0,0,0,0,0,0,0,0,0,0,0,0,0,0,0
3/2/20,1,0,3,1,0,0,3,0,30,18,0,49,0,1,0,8,0,0,0,2,0,0,0,1,1,0,27,0,0,1,0,0,80136,41,0,0,0,0,7,0,0,3,0,4,0,1,6,0,0,0,0,1,0,6,191,0,0,3,0,159,0,7,0,0,0,0,0,0,0,0,6,5,2,1501,26,1,10,2036,0,0,274,0,0,0,4335,56,0,0,13,1,0,0,0,1,1,0,29,0,0,0,0,5,1,0,0,0,1,0,6,0,1,18,1,0,0,1,25,4,0,0,0,0,3,0,2,0,3,3,3,0,0,0,8,1,1,0,0,108,0,16,0,0,0,0,120,0,0,0,15,42,0,43,0,0,21,0,0,0,0,1,2,40,0,98,0,0,0,0,0,0,0,0,0,0,0,0,0,0,0,0,0,0,0,0,0,0,0,0,0,0,0,0,0,0,0,0,0,0,0,0,0,0,0,0,0,0,0,0,0,0,0,0,0,0,0,0,0,0,0,0,0,0,0,0,0,0,0,0,0,0,0,0,0,0,0,0,0,0,0,0,0,0,0,0,0,0,0,0,0,0,0
3/3/20,1,0,5,1,0,0,3,1,39,21,0,49,0,1,0,13,0,0,0,2,0,0,0,1,1,0,30,0,0,1,0,1,80261,42,0,0,0,0,9,0,0,5,0,6,0,1,7,0,0,0,0,2,0,6,204,0,0,3,0,196,0,7,0,0,0,0,0,0,0,0,11,5,2,2336,32,2,12,2502,0,0,293,0,1,0,5186,56,0,0,13,1,0,0,0,1,1,0,36,0,0,0,0,5,1,0,0,0,1,0,12,0,1,24,1,0,0,1,32,5,0,0,0,0,3,0,2,0,7,3,3,0,0,0,10,1,2,0,0,110,0,16,0,0,0,0,165,0,0,0,21,56,0,43,0,0,27,0,0,0,1,1,2,51,0,118,0,0,0,0,0,0,0,0,0,0,0,0,0,0,0,0,0,0,0,0,0,0,0,0,0,0,0,0,0,0,0,0,0,0,0,0,0,0,0,0,0,0,0,0,0,0,0,0,0,0,0,0,0,0,0,0,0,0,0,0,0,0,0,0,0,0,0,0,0,0,0,0,0,0,0,0,0,0,0,0,0,0,0,0,0,0,0
3/4/20,1,0,12,1,0,0,3,1,52,29,0,52,0,1,0,23,0,0,0,4,0,0,0,6,1,0,33,0,0,1,0,1,80386,42,0,0,0,0,10,0,0,8,0,11,0,1,10,0,0,0,0,2,0,6,288,0,0,3,0,262,0,9,0,0,0,0,0,0,0,2,26,28,2,2922,35,6,15,3089,0,0,331,0,1,0,5621,56,0,0,13,1,0,0,1,1,1,0,50,0,0,0,0,5,1,0,0,0,1,0,15,0,1,38,3,0,0,1,56,5,0,0,0,0,3,1,5,0,8,4,3,0,0,0,16,1,4,0,0,110,0,16,0,0,0,0,222,0,0,0,35,90,0,43,0,0,27,1,0,0,1,1,2,86,0,149,0,0,0,0,0,0,0,0,0,0,0,0,0,0,0,0,0,0,0,0,0,0,0,0,0,0,0,0,0,0,0,0,0,0,0,0,0,0,0,0,0,0,0,0,0,0,0,0,0,0,0,0,0,0,0,0,0,0,0,0,0,0,0,0,0,0,0,0,0,0,0,0,0,0,0,0,0,0,0,0,0,0,0,0,0,0,0
3/5/20,1,0,12,1,0,0,6,1,55,41,0,55,0,1,0,50,0,0,2,4,0,0,0,6,1,0,37,0,0,1,0,4,80537,44,0,0,0,0,10,0,0,12,0,11,0,1,13,0,0,0,0,3,0,12,380,0,0,4,0,482,0,31,0,0,0,0,0,0,0,2,34,30,2,3513,35,6,20,3858,0,0,360,0,1,0,6088,58,0,0,16,1,0,0,1,1,1,0,50,0,0,0,0,5,1,0,0,0,2,0,16,0,1,82,3,0,0,1,87,5,0,0,0,0,3,1,8,0,8,6,4,0,0,0,21,5,4,0,0,117,0,16,2,0,1,0,259,0,0,0,94,114,0,47,0,0,29,1,0,0,1,1,3,116,0,217,0,0,0,0,0,0,0,0,0,0,0,0,0,0,0,0,0,0,0,0,0,0,0,0,0,0,0,0,0,0,0,0,0,0,0,0,0,0,0,0,0,0,0,0,0,0,0,0,0,0,0,0,0,0,0,0,0,0,0,0,0,0,0,0,0,4,0,0,0,0,0,0,0,0,0,0,0,0,0,0,0,0,0,0,0,0,0
3/6/20,1,0,17,1,0,0,6,2,60,55,0,60,0,1,0,109,1,0,2,13,0,0,0,6,1,1,49,0,0,1,0,4,80690,45,1,0,0,1,11,0,0,18,0,24,0,2,13,0,0,0,0,10,0,15,656,0,0,4,0,670,0,45,0,0,0,0,0,1,0,2,43,31,4,4747,40,18,37,4636,0,0,420,0,1,0,6593,58,0,0,22,1,0,0,1,1,2,0,83,0,0,0,0,6,1,0,0,0,2,0,16,0,1,128,4,0,0,1,108,6,0,0,0,1,5,5,13,0,8,9,13,0,0,0,21,5,4,1,0,130,1,16,7,0,1,0,400,0,0,0,101,214,0,48,1,0,29,1,0,0,1,3,15,164,0,262,0,0,0,0,0,0,0,0,0,0,0,0,0,0,0,0,0,0,0,0,0,0,0,0,0,0,0,0,0,0,0,0,0,0,0,0,0,0,0,0,0,0,0,0,0,5,0,0,0,0,0,0,0,0,0,0,0,0,0,0,0,0,0,0,0,4,0,0,0,0,0,0,0,0,0,0,0,0,0,0,0,0,0,0,0,0,0
3/7/20,1,0,17,1,0,0,9,8,63,79,0,85,0,1,0,169,1,0,3,13,0,0,0,6,1,1,54,0,0,1,0,4,80770,45,1,0,0,1,12,0,0,19,0,24,0,2,13,0,0,0,0,10,0,15,959,0,0,4,0,799,0,46,0,0,0,0,0,1,0,4,50,34,4,5823,54,18,43,5883,0,0,461,0,1,0,7041,61,0,0,22,1,0,0,1,1,2,0,93,0,3,0,0,6,1,0,0,0,2,0,16,0,1,188,5,0,0,1,147,6,0,0,0,1,6,5,20,0,8,9,13,0,0,0,23,5,4,1,0,138,1,18,7,0,1,0,500,0,0,0,161,268,0,50,1,0,45,1,0,0,1,3,15,207,0,402,0,0,0,0,0,0,0,0,0,0,0,0,0,0,0,0,0,0,0,0,0,0,0,0,0,0,0,0,0,0,0,0,0,0,0,0,0,0,0,0,0,0,0,0,0,5,0,0,0,0,0,0,0,0,0,0,0,0,0,0,0,0,0,0,0,4,0,0,0,0,0,0,0,0,0,0,0,0,0,0,0,0,0,0,0,0,0
3/8/20,4,0,19,1,0,0,9,12,76,104,0,85,3,1,0,200,1,0,3,20,0,0,4,6,2,2,64,0,0,1,0,8,80823,45,1,0,0,5,12,0,0,31,0,37,0,5,14,0,0,0,0,10,0,23,1136,0,0,13,0,1040,0,73,0,0,0,0,0,1,0,7,50,39,6,6566,60,19,61,7375,0,0,502,0,1,0,7314,64,0,0,32,2,0,0,1,1,3,0,99,4,3,0,0,7,1,0,1,0,2,0,16,0,1,265,5,0,0,1,176,6,0,0,1,6,10,11,30,0,15,15,17,0,0,0,36,11,4,1,0,150,3,30,16,0,3,0,673,0,0,0,203,337,0,50,1,0,45,2,0,0,1,3,49,274,0,518,0,0,0,0,0,0,0,0,0,0,0,0,0,0,0,0,0,0,0,0,0,0,0,0,0,0,0,0,0,0,0,0,0,0,0,0,0,0,0,0,0,0,0,0,0,5,0,0,0,0,0,0,0,0,0,0,0,0,0,0,0,0,0,0,0,4,0,0,0,0,0,0,0,0,0,0,0,0,0,0,0,0,0,0,0,0,0
3/9/20,4,2,20,1,0,0,9,12,91,131,0,95,3,1,0,239,1,0,3,25,0,1,4,6,2,2,77,0,0,1,0,8,80860,45,1,0,0,9,12,0,2,31,0,92,0,5,15,0,0,0,0,10,0,30,1219,0,0,15,0,1176,0,73,0,0,0,0,0,1,0,9,58,43,19,7161,60,21,61,9172,0,0,511,0,1,0,7478,64,0,0,32,6,0,0,1,1,3,0,117,4,3,0,0,7,1,0,1,0,2,0,16,0,1,321,5,0,0,2,205,6,0,0,1,7,20,16,30,0,18,15,17,0,0,0,36,15,4,1,0,150,3,30,16,0,3,0,1073,0,0,0,248,374,0,50,1,0,45,2,0,0,1,3,55,322,0,583,0,0,0,0,0,0,0,0,0,0,0,0,0,0,0,0,0,0,0,0,0,0,0,0,0,0,0,0,0,0,0,0,0,0,0,0,0,0,0,0,0,0,0,0,0,8,0,0,0,0,0,0,0,0,0,0,0,0,0,0,0,0,0,0,0,4,0,0,0,0,0,0,0,0,0,0,0,0,0,0,0,0,0,0,0,0,0
3/10/20,5,10,20,1,0,0,11,17,107,182,0,110,3,1,0,267,1,0,5,31,0,1,4,9,2,2,79,0,0,1,0,13,80887,47,3,0,0,9,14,0,3,41,0,264,0,5,15,0,0,0,0,12,0,40,1794,0,0,15,0,1457,0,89,0,0,0,0,0,1,0,9,69,56,27,8042,71,34,75,10149,0,0,581,0,1,0,7513,69,0,0,41,8,0,0,1,1,5,0,129,6,5,0,0,7,1,1,3,0,3,0,18,0,1,382,5,0,0,2,400,16,1,0,1,11,33,22,41,0,24,25,20,0,0,0,51,20,4,5,0,160,7,31,31,0,7,0,1695,0,0,0,355,491,0,53,1,0,74,5,0,0,1,7,59,384,0,959,1,0,0,0,0,0,0,0,0,0,0,0,0,0,0,0,0,0,0,0,0,0,0,0,0,0,0,0,0,0,0,0,0,0,0,0,0,0,0,0,0,0,0,0,0,8,0,0,0,0,0,0,0,0,0,0,0,0,0,0,0,0,0,0,0,0,0,0,0,0,0,0,0,0,0,0,0,0,0,0,0,0,0,0,0,0,0
3/11/20,7,12,20,1,0,0,11,19,128,246,0,195,3,1,0,314,1,2,7,38,0,11,7,9,3,2,108,0,0,2,0,23,80921,48,9,0,1,13,19,0,6,91,0,444,0,5,17,0,0,0,0,16,0,59,2293,0,0,24,0,1908,0,99,0,0,0,0,0,1,2,13,85,62,34,9000,71,43,79,12462,1,1,639,0,1,0,7755,72,0,0,61,10,0,0,1,3,7,0,149,8,6,0,0,8,1,1,3,0,5,0,18,0,1,503,5,0,0,2,598,19,8,0,5,11,49,31,59,0,262,45,20,0,0,0,62,21,4,12,0,178,10,38,57,0,13,0,2277,0,0,0,500,652,0,59,1,0,74,7,1,0,1,7,60,459,0,1281,2,0,0,0,0,0,0,0,0,0,0,0,0,0,0,0,0,0,0,0,0,0,0,0,0,0,0,0,0,0,0,0,0,0,0,0,0,0,0,0,0,0,0,0,0,14,0,0,0,0,0,0,0,0,0,0,0,0,0,0,0,0,0,0,0,0,0,0,0,0,0,0,0,0,0,0,0,0,0,0,0,0,0,0,0,0,0
3/12/20,7,23,24,1,0,0,11,19,128,302,0,195,3,4,0,314,1,2,11,52,0,11,7,12,3,2,117,0,0,2,0,23,80932,49,9,0,1,22,19,3,6,94,0,617,0,5,17,0,0,0,0,16,0,59,2293,0,0,24,0,2078,0,99,0,0,0,1,0,1,2,13,103,73,34,10075,71,43,100,12462,1,2,639,0,1,0,7869,80,0,0,61,10,0,0,1,3,19,0,149,8,6,0,0,12,2,1,3,0,6,0,18,0,1,503,5,0,0,2,702,20,11,0,5,15,52,49,59,0,262,49,28,0,0,0,69,45,4,19,0,178,16,39,89,0,17,0,2277,0,0,0,599,652,0,70,1,0,85,7,1,0,1,7,67,459,0,1663,2,0,0,0,0,0,0,0,0,0,0,0,0,0,0,0,0,0,0,0,0,0,0,0,0,0,0,0,0,0,0,0,0,0,0,0,0,0,0,0,0,0,0,0,0,18,0,0,0,0,0,0,0,0,0,0,0,0,0,0,0,0,0,0,0,4,0,0,0,0,0,0,0,0,0,0,0,0,0,0,0,0,0,0,0,0,0
3/13/20,7,33,26,1,0,1,15,31,200,504,0,195,3,8,0,559,1,3,13,151,0,37,23,27,5,2,193,0,0,6,0,43,80945,50,13,0,2,23,32,4,14,141,0,804,0,5,17,0,0,1,0,79,0,155,3681,0,0,25,0,3675,0,190,0,0,1,1,0,1,2,19,134,82,69,11364,101,90,126,17660,1,8,701,4,1,1,7979,80,0,0,77,17,0,0,1,6,34,0,197,9,12,0,0,12,2,1,6,0,7,0,19,0,1,806,5,0,0,2,996,28,27,0,6,28,64,68,112,0,320,89,45,0,0,0,80,86,10,35,0,200,32,47,141,0,24,0,5232,1,0,0,814,1139,0,75,1,0,85,16,5,0,3,14,80,802,0,2179,2,0,0,0,0,0,0,0,0,0,0,0,0,0,0,0,0,0,0,0,0,0,0,0,0,0,0,0,0,0,0,0,0,0,0,0,0,0,0,0,0,0,0,0,0,23,0,0,0,0,0,0,0,0,0,0,0,0,0,0,0,0,0,0,0,7,0,0,0,0,0,0,0,0,0,0,0,0,0,0,0,0,0,0,0,0,0
3/14/20,11,38,37,1,0,1,15,34,250,655,0,210,3,18,0,689,1,10,18,151,0,40,41,27,7,2,198,0,0,10,0,61,80977,53,22,0,2,26,38,4,26,189,0,836,0,11,28,0,0,1,0,115,0,225,4496,0,1,30,0,4585,3,228,0,1,1,1,0,1,2,30,156,102,96,12729,110,129,155,21157,1,8,773,6,1,1,8086,104,0,0,93,26,0,0,4,8,51,0,238,10,18,1,0,26,2,1,12,0,17,0,19,2,1,962,6,0,0,2,1090,31,36,0,6,38,111,103,169,0,337,123,59,1,1,1,80,103,10,46,2,212,44,53,181,0,38,0,6391,1,1,1,961,1359,0,82,1,2,85,18,5,0,3,14,109,1144,0,2727,2,4,0,2,0,0,0,0,0,0,0,0,0,0,0,0,0,0,0,0,0,0,0,0,0,0,0,0,0,0,0,0,0,0,0,0,0,0,0,0,0,0,0,0,0,32,0,0,0,0,0,0,0,0,0,0,0,0,0,0,0,0,0,0,0,8,0,0,0,0,0,0,0,0,0,0,0,0,0,0,0,0,0,0,0,0,0
3/15/20,16,42,48,1,0,1,23,45,297,860,0,214,5,26,0,886,1,10,24,162,0,50,51,27,7,2,252,0,1,18,0,74,81003,59,34,1,2,27,49,4,26,253,0,875,0,11,28,0,1,1,0,171,0,244,4532,0,1,33,0,5795,6,331,0,1,1,4,0,1,3,32,171,113,117,13938,116,129,213,24747,1,10,839,9,8,3,8162,112,0,0,110,30,0,0,4,12,59,0,428,13,21,1,0,41,2,1,23,0,28,0,22,2,1,1138,8,0,0,2,1221,53,43,0,6,43,140,119,245,0,401,131,63,1,2,1,101,103,24,48,2,226,54,56,219,0,51,0,7798,1,1,1,1022,2200,0,114,1,2,98,18,6,0,3,14,110,1145,0,3499,3,4,1,10,0,0,0,0,0,0,0,0,0,0,0,0,0,0,0,0,0,0,0,0,0,0,0,0,0,0,0,0,0,0,0,0,0,0,0,0,0,0,0,0,0,32,0,0,0,0,0,0,0,0,0,0,0,0,0,0,0,0,0,0,0,7,0,0,0,0,0,0,0,0,0,0,0,0,0,0,0,0,0,0,0,0,0
3/16/20,21,51,54,2,0,1,28,56,377,1018,1,214,8,52,0,1058,1,11,25,200,0,54,52,36,7,4,415,0,1,28,0,155,81033,67,54,1,2,35,57,4,33,298,1,933,0,11,37,0,1,5,0,205,0,277,6683,0,1,33,0,7272,6,331,0,2,1,4,0,1,6,39,180,119,134,14991,124,169,218,27980,1,10,839,10,17,3,8236,123,0,0,110,34,1,0,4,17,77,0,566,13,30,1,0,53,7,1,23,0,29,0,22,2,1,1416,8,0,0,2,1333,136,55,0,8,86,142,177,331,0,439,158,90,5,2,1,109,118,24,55,3,243,63,61,253,1,62,0,9942,1,1,1,1103,2200,0,147,1,4,98,20,18,0,7,18,150,1551,1,4632,15,8,6,17,0,0,0,0,0,0,0,0,0,0,0,0,0,0,0,0,0,0,0,0,0,0,0,0,0,0,0,0,0,0,0,0,0,0,0,0,0,0,0,0,0,52,0,0,0,0,0,0,0,0,0,0,0,0,0,0,0,0,0,0,0,10,0,0,0,0,0,0,0,0,0,0,0,0,0,0,0,0,0,0,0,0,0
3/17/20,22,55,60,39,0,1,28,68,452,1332,1,228,10,78,2,1243,1,11,26,321,0,56,67,36,33,10,478,0,1,44,0,201,81058,77,65,1,3,41,65,5,46,396,1,1025,0,21,58,0,1,5,0,225,0,321,7715,0,1,34,1,9257,7,387,0,6,1,7,0,1,8,50,220,142,172,16169,154,223,250,31506,5,12,878,33,34,3,8320,130,0,0,120,49,1,0,7,25,140,0,673,13,38,1,0,82,7,5,30,2,38,0,24,2,1,1711,12,0,0,3,1463,236,69,0,9,117,187,238,448,0,439,184,114,7,2,1,109,171,26,65,4,266,72,66,275,1,62,0,11748,1,1,1,1190,2700,0,177,1,5,98,24,47,0,14,26,196,1960,1,6421,15,29,10,33,0,0,0,0,0,0,0,0,0,0,0,0,0,0,0,0,0,0,0,0,0,0,0,0,0,0,0,0,0,0,0,0,0,0,0,0,0,0,0,0,0,56,0,0,0,0,0,0,0,0,0,0,0,0,0,0,0,0,0,0,0,11,0,0,0,0,0,0,0,0,0,0,0,0,0,0,0,0,0,0,0,0,0
3/18/20,22,59,74,39,0,1,28,79,568,1646,1,256,14,84,2,1486,1,12,38,372,0,68,92,51,35,10,657,0,1,51,0,238,81102,100,93,1,4,50,81,7,49,464,2,1116,0,21,111,0,4,6,0,258,0,336,9124,1,1,38,1,12327,7,418,0,6,1,7,0,1,9,58,250,156,227,17361,164,292,304,35713,6,13,889,35,52,3,8413,142,3,0,133,71,2,0,28,27,203,0,790,13,38,1,3,93,7,6,30,2,49,0,39,2,1,2058,20,0,0,8,1550,299,86,0,11,145,202,251,448,0,452,260,147,8,2,1,119,171,31,83,4,313,105,75,275,1,116,0,13910,2,1,1,1279,3028,0,212,1,7,113,29,98,0,14,35,196,2642,3,7783,20,50,15,36,2,0,0,0,0,0,0,0,0,0,0,0,0,0,0,0,0,0,0,0,0,0,0,0,0,0,0,0,0,0,0,0,0,0,0,0,0,0,0,0,0,87,0,0,0,0,0,0,0,0,0,0,0,0,0,0,0,0,0,0,0,11,0,0,0,0,0,0,0,0,0,0,0,0,0,0,0,0,0,0,0,0,0
3/19/20,22,64,87,53,0,1,44,97,681,2013,3,278,17,115,5,1795,1,12,63,621,0,75,94,51,37,13,800,0,1,60,1,238,81156,108,102,3,14,69,105,11,67,694,2,1225,0,34,199,1,6,6,0,267,1,400,10970,1,1,40,1,15320,11,418,0,9,1,7,0,1,12,73,330,194,311,18407,192,557,427,41035,9,15,924,44,69,7,8565,148,3,0,157,86,2,0,28,36,335,0,900,13,53,2,3,118,7,6,49,3,63,0,48,3,1,2467,28,1,0,8,1746,454,109,0,11,234,217,355,785,0,460,277,199,8,2,1,119,274,31,103,6,345,123,85,286,1,150,0,17963,2,1,1,1439,4075,0,272,1,9,140,39,192,0,16,48,256,2716,6,13747,33,79,23,42,2,0,0,0,0,0,0,0,0,0,0,0,0,0,0,0,0,0,0,0,0,0,0,0,0,0,0,0,0,0,0,0,0,0,0,0,0,0,0,0,0,99,0,0,0,0,0,0,0,0,0,0,0,0,0,0,0,0,0,0,0,12,0,0,0,0,0,0,0,0,0,0,0,0,0,0,0,0,0,0,0,0,0
3/20/20,24,70,90,75,1,1,44,128,791,2388,3,285,20,136,5,2257,2,15,89,793,0,78,127,69,51,20,943,1,3,73,1,434,81250,135,128,3,18,89,128,16,67,833,2,1337,0,72,367,1,6,9,0,283,1,450,12758,1,3,43,1,19848,16,495,0,12,1,7,2,1,24,85,409,244,369,19644,208,683,529,47021,9,16,963,49,85,7,8652,159,6,0,163,111,2,0,28,49,484,3,1030,13,64,2,12,164,11,6,66,14,77,0,48,3,1,3003,39,1,1,12,1914,501,137,1,13,234,230,425,1020,0,470,308,253,17,2,1,144,344,38,135,7,385,137,91,341,1,202,1,20410,2,4,1,1639,5294,0,322,9,9,140,54,359,0,29,67,285,4014,6,19273,40,94,33,42,2,0,0,0,0,0,0,0,0,0,0,0,0,0,0,0,0,0,0,0,0,0,0,0,0,0,0,0,0,0,0,0,0,0,0,0,0,0,0,0,0,132,0,0,0,0,0,0,0,0,0,0,0,0,0,0,0,0,0,0,0,16,0,0,0,0,0,0,0,0,0,0,0,0,0,0,0,0,0,0,0,0,0
3/21/20,24,76,139,88,2,1,53,158,1071,2814,4,305,25,160,6,2815,2,19,93,1021,0,83,163,76,53,27,1277,3,3,77,1,537,81305,153,196,3,23,117,206,21,84,995,2,1420,0,112,506,3,6,9,1,306,1,523,14463,1,4,49,1,22213,19,530,0,17,2,7,2,1,24,103,473,330,450,20610,214,785,712,53578,14,16,1007,53,85,7,8799,176,14,0,187,124,3,0,37,83,670,3,1183,13,73,2,14,203,11,10,80,14,96,0,52,3,1,3640,52,2,1,22,2118,730,200,1,18,318,307,536,1280,0,481,367,306,17,2,1,144,392,47,171,7,432,178,94,383,1,240,3,25374,2,4,1,1763,6575,0,411,16,49,153,60,670,1,47,85,294,5067,6,25600,64,110,43,70,2,0,0,0,0,0,0,0,0,0,0,0,0,0,0,0,0,0,0,0,0,0,0,0,0,0,0,0,0,0,0,0,0,0,0,0,0,0,0,0,0,138,0,0,0,0,0,0,0,0,0,0,0,0,0,0,0,0,0,0,0,16,0,0,0,0,0,0,0,0,0,0,0,0,0,0,0,0,0,0,0,0,0
3/22/20,40,89,201,113,2,1,65,266,1549,3582,4,334,27,194,14,3401,2,24,126,1546,0,88,187,76,84,40,1469,3,3,82,1,632,81435,169,231,3,30,134,254,35,95,1120,2,1514,1,202,789,3,6,11,1,326,2,626,16243,1,5,54,1,24873,23,624,1,19,2,19,2,1,26,131,568,396,514,21638,233,906,883,59138,14,19,1101,60,112,15,8961,188,14,0,248,139,3,0,37,143,798,3,1306,13,90,2,28,251,23,10,94,21,115,1,55,3,1,4217,102,2,2,30,2385,776,313,1,22,363,380,634,1600,1,494,433,367,19,2,1,175,511,67,222,7,455,185,113,414,1,274,3,28768,2,5,4,1934,7474,1,599,16,50,153,75,1236,1,73,115,327,5745,12,33276,75,158,43,70,3,0,0,0,0,0,0,0,0,0,0,0,0,0,0,0,0,0,0,0,0,0,0,0,0,0,0,0,0,0,0,0,0,0,0,0,0,0,0,0,0,191,0,0,0,0,0,0,0,0,0,0,0,0,0,0,0,0,0,0,0,16,0,0,0,0,0,0,0,0,0,0,0,0,0,0,0,0,0,0,0,0,0
3/23/20,40,104,230,133,3,3,72,301,1682,4474,4,377,33,235,17,3743,2,27,136,1924,1,91,201,81,87,56,2088,3,3,97,1,746,81498,195,277,4,36,158,315,40,116,1236,5,1572,2,245,981,3,9,11,1,352,3,700,20123,3,5,61,2,29056,27,695,1,20,4,20,6,1,30,167,588,499,579,23049,266,1125,1071,63927,25,19,1128,62,127,16,8961,189,16,0,267,180,3,0,51,179,875,12,1518,13,107,2,36,316,23,10,109,27,143,1,66,4,2,4764,102,2,3,40,2621,875,345,1,22,395,462,749,2060,1,501,576,438,36,3,1,187,562,79,249,7,509,186,123,442,1,402,3,35136,2,5,4,2046,8795,1,721,18,51,198,89,1529,9,73,136,366,6726,12,43843,99,162,46,77,3,0,0,0,0,0,0,0,0,0,0,0,0,0,0,0,0,0,0,0,0,0,0,0,0,0,0,0,0,0,0,0,0,0,0,0,0,0,0,0,0,262,0,0,0,0,0,0,0,0,0,0,0,0,0,0,0,0,0,0,0,16,0,0,0,0,0,0,0,0,0,0,0,0,0,0,0,0,0,0,0,0,0
3/24/20,74,123,264,164,3,3,87,387,2044,5283,5,392,39,249,18,4269,2,29,166,2247,1,104,218,81,91,66,2790,3,3,102,3,922,81591,215,378,4,45,177,382,48,124,1394,6,1718,2,312,1082,5,9,12,1,369,4,792,22622,3,6,70,3,32986,53,743,1,21,4,5,7,4,30,187,648,536,686,24811,316,1329,1238,69176,73,21,1193,72,154,25,9037,191,42,2,318,197,3,1,51,209,1099,17,1624,13,110,2,42,367,23,10,125,47,170,3,84,7,2,5580,155,2,3,44,2863,972,345,1,27,416,552,901,2362,1,526,794,495,40,3,1,187,767,86,303,7,558,204,134,480,1,554,3,39885,3,7,4,2286,9877,1,827,20,57,248,114,1872,9,97,148,402,8164,12,53736,114,162,50,84,3,0,0,0,0,0,0,0,0,0,0,0,0,0,0,0,0,0,0,0,0,0,0,0,0,0,0,0,0,0,0,0,0,0,0,0,0,0,0,0,0,290,0,0,0,0,0,0,0,0,0,0,0,0,0,0,0,0,0,0,0,21,0,0,0,0,0,0,0,0,0,0,0,0,0,0,0,0,0,0,0,0,0
3/25/20,84,146,302,188,3,3,93,387,2364,5588,5,419,39,265,18,4937,2,32,176,2554,2,109,242,86,96,75,3251,4,3,102,3,1142,81661,235,470,4,48,201,442,57,132,1654,6,1862,7,392,1173,9,9,12,4,404,5,880,25600,11,6,75,3,37323,93,821,1,24,4,5,8,4,36,226,737,657,790,27017,346,1564,2369,74386,80,26,1307,81,172,28,9137,195,44,3,333,221,3,1,51,274,1333,19,1796,13,129,2,48,405,31,10,149,52,225,5,99,7,3,6438,205,2,7,51,3084,1063,443,1,37,480,636,1051,2995,1,537,906,658,41,3,1,208,900,99,384,7,631,216,141,528,1,709,3,49515,3,8,4,2526,10897,5,934,23,60,333,173,2433,14,145,177,456,9640,12,65778,146,189,60,91,12,0,0,0,3,0,4,1,2,0,1,2,1,0,0,0,1,0,4,0,9,2,8,1,4,2,7,1,0,2,3,0,0,0,5,3,5,0,0,0,41,410,1,1,8,4,0,4,2,5,2,2,4,1,2,10,0,10,1,0,0,21,2,13,7,3,1,7,3,0,3,2,1,1,0,0,6,0,1,0,1,0,7
3/26/20,94,174,367,224,4,7,122,502,2810,6909,9,458,44,290,18,6235,2,43,191,2985,2,114,264,86,96,75,4042,4,3,106,3,1306,81782,252,491,4,51,231,495,67,146,1925,6,2023,11,488,1403,13,12,12,6,538,5,958,29551,11,7,79,3,43938,132,892,7,25,4,5,8,4,52,261,802,727,893,29406,382,1819,2693,80589,96,26,1387,111,212,31,9241,208,44,6,368,244,3,1,56,299,1453,23,2031,13,134,3,81,475,33,11,177,69,275,7,109,8,3,7468,283,2,10,65,3369,1201,558,1,41,580,707,1221,3544,1,549,1029,840,50,3,1,208,1012,105,384,7,683,226,153,562,2,927,3,57786,3,8,6,2840,11811,5,1045,23,65,333,197,3629,14,196,201,495,11812,13,83836,152,217,75,107,16,0,0,0,3,0,4,1,2,0,1,5,1,0,0,0,1,0,4,0,9,3,8,1,5,4,7,2,0,2,3,0,0,0,8,3,5,0,0,0,41,546,1,1,8,5,0,4,2,10,2,2,6,1,2,14,0,12,1,0,0,26,5,20,10,3,2,7,3,0,3,2,1,1,0,0,6,0,1,0,1,0,7
3/27/20,110,186,409,267,4,7,165,589,3143,7657,10,466,48,329,24,7284,3,61,237,3417,2,115,293,94,99,91,4682,5,3,106,3,1610,81897,267,539,4,51,263,586,80,162,2279,6,2200,11,581,1595,13,12,16,6,575,5,1041,33402,12,7,83,3,50871,137,966,7,28,8,5,8,4,68,300,890,887,1046,32332,458,2121,3035,86498,101,26,1468,150,235,31,9332,225,58,6,391,280,3,1,56,358,1605,26,2161,16,139,3,94,585,42,11,199,82,345,7,131,8,4,8647,368,2,10,70,3755,1373,674,1,52,635,803,1389,4268,1,562,1292,1036,54,3,1,223,1104,119,457,7,732,269,163,632,3,1170,5,65719,3,8,9,3069,12928,5,1136,25,66,405,227,5698,23,310,219,536,14745,13,101657,180,238,88,107,22,0,0,0,3,0,4,1,2,2,3,5,1,1,0,0,2,0,4,0,9,3,8,1,5,4,8,2,0,2,3,0,0,0,8,3,5,0,0,2,49,703,1,1,8,5,0,4,3,10,2,2,6,2,2,14,0,14,1,0,0,26,5,20,11,3,2,8,3,0,3,4,1,4,0,0,6,0,2,0,1,0,19
3/28/20,110,197,454,308,5,7,182,690,3640,8271,10,476,48,407,26,9134,3,74,258,3904,2,120,331,94,99,91,5576,5,3,113,3,1909,81999,283,608,4,65,295,657,119,179,2631,6,2366,11,719,1823,19,12,16,6,645,5,1167,38105,14,7,90,3,57695,141,1061,7,34,8,8,8,6,95,343,963,987,1155,35408,506,2415,3619,92472,101,30,1693,228,246,38,9478,235,58,8,412,305,3,3,56,394,1831,26,2320,16,149,5,102,717,42,12,231,84,402,8,152,8,5,9819,451,4,10,89,4015,1495,786,1,56,671,1075,1638,5170,1,590,1452,1264,60,3,1,224,1203,130,659,8,802,292,174,684,3,1187,7,73235,5,8,9,3447,14076,5,1245,25,74,468,278,7402,30,356,241,576,17312,14,121465,207,274,104,119,28,1,0,0,3,0,4,1,3,8,5,9,1,1,0,0,7,0,4,0,17,3,11,1,5,4,8,2,0,2,3,1,0,0,12,7,8,0,0,2,85,817,1,1,11,7,0,6,3,11,2,2,6,2,2,14,4,14,2,0,1,37,5,24,14,3,2,11,3,0,3,4,1,4,0,0,6,0,2,0,1,0,20
3/29/20,120,212,511,334,7,7,209,745,3984,8788,11,499,48,424,33,10836,4,81,323,4256,2,126,346,94,103,139,6280,6,3,117,3,2139,82122,298,702,19,65,314,713,139,214,2817,6,2564,11,859,1924,24,12,21,12,679,5,1240,40708,18,7,91,4,62095,152,1156,9,34,16,8,15,6,110,408,1020,1024,1285,38309,547,2615,4247,97689,165,32,1866,284,259,42,9583,255,84,8,438,347,3,8,56,460,1950,39,2470,17,151,5,107,848,46,12,263,85,479,8,167,11,5,10930,514,4,18,111,4284,1597,901,1,59,852,1418,1862,5962,1,634,1815,1534,70,9,1,224,1299,142,741,8,844,314,188,730,3,1280,7,80110,6,8,9,3700,14829,9,1388,25,78,570,312,9217,33,475,259,609,19780,14,140909,222,304,144,119,29,1,0,1,3,0,5,2,3,8,9,12,1,1,0,1,7,0,4,0,17,3,11,1,7,5,9,2,0,2,7,1,0,0,12,9,9,0,0,3,112,1014,3,3,11,8,3,6,3,11,7,2,6,2,3,15,4,14,2,0,1,42,5,24,14,3,3,11,3,0,4,4,1,4,0,0,6,0,3,0,1,0,20
3/30/20,170,223,584,370,7,7,273,820,4361,9618,14,515,49,482,33,11899,4,97,368,4579,3,127,359,152,107,139,7398,6,3,122,5,2449,82198,306,798,19,81,330,790,170,230,3001,6,2755,11,901,1962,30,12,23,12,715,5,1352,45170,18,7,103,4,66885,152,1212,9,36,22,8,15,6,139,447,1086,1251,1414,41495,630,2910,4695,101739,168,36,1866,302,268,50,9661,266,94,8,446,376,3,8,62,491,1988,43,2626,17,156,5,128,993,49,12,298,91,556,8,179,11,5,11817,589,4,27,131,4445,1717,989,1,64,950,1546,2055,6408,1,693,2109,1836,70,9,1,230,1453,162,785,8,879,336,203,756,3,1326,7,87956,6,8,9,4028,15922,10,1524,30,82,611,312,10827,33,548,285,656,22453,19,161831,246,310,149,135,35,4,1,1,7,0,5,5,3,13,9,14,1,4,0,2,9,0,6,0,17,3,12,1,7,5,12,3,1,3,22,1,0,0,14,11,10,0,2,3,119,1226,5,3,11,9,3,7,3,13,7,2,9,2,5,15,4,14,4,0,1,50,6,24,14,3,3,12,4,0,4,4,1,4,2,2,6,0,3,0,1,0,20
3/31/20,174,243,716,376,7,7,298,1054,4559,10180,14,567,51,532,34,12775,4,107,420,5717,3,129,399,152,109,193,8527,6,3,143,7,2738,82279,322,906,19,98,347,867,186,262,3308,9,3039,12,1109,2240,32,12,26,15,745,5,1418,52827,30,16,110,4,71808,161,1314,9,38,22,12,15,6,141,492,1135,1397,1528,44605,694,3235,5358,105792,179,36,1953,343,274,59,9786,289,107,9,470,398,3,10,68,537,2178,57,2766,18,169,6,143,1094,52,12,353,109,617,8,192,11,5,12667,647,5,27,135,4641,1938,1181,1,65,1065,2084,2311,7443,1,781,2245,2337,75,13,1,236,1563,175,900,10,926,363,212,802,5,1353,8,95923,7,9,9,4435,16605,10,1651,34,87,664,394,13531,44,645,329,710,25481,19,188172,261,338,172,135,35,4,2,1,7,2,7,5,3,19,9,14,1,13,0,3,9,0,6,0,17,3,12,1,8,5,12,3,2,3,22,3,0,0,14,14,10,1,2,3,119,1613,11,3,12,9,3,7,3,13,12,4,9,5,5,15,4,15,4,0,1,98,6,33,19,3,3,12,4,0,6,4,1,4,2,2,8,0,3,0,1,5,16
4/1/20,237,259,847,390,8,7,359,1054,4862,10711,21,569,54,571,34,13964,4,115,459,6836,3,131,422,163,109,233,9560,6,3,146,7,3031,82361,329,1065,19,109,375,963,212,320,3508,13,3290,12,1284,2748,32,15,29,15,779,5,1446,57749,33,18,117,4,77872,195,1415,9,39,30,19,16,6,172,525,1220,1998,1677,47593,728,3447,6092,110574,190,44,2178,380,278,81,9887,317,111,10,479,446,6,10,68,581,2319,57,2908,19,188,6,161,1215,55,14,423,123,654,10,210,14,5,13696,708,5,74,174,4863,2118,1181,1,69,1323,2311,2554,8251,1,835,2460,2777,82,13,1,236,1720,190,1060,10,1000,400,218,841,5,1380,8,104118,7,10,9,4947,17768,10,1771,36,90,814,423,15679,44,794,354,779,29865,20,213372,282,338,181,143,36,4,3,1,7,2,8,5,5,25,10,21,1,15,0,3,11,0,8,0,22,3,12,1,9,8,12,3,2,3,54,3,0,3,20,20,11,1,2,4,134,1880,11,3,12,10,7,7,3,13,16,5,9,5,5,15,5,15,15,2,1,125,6,33,19,6,3,17,5,0,6,4,1,8,3,9,12,0,3,0,1,5,16
4/2/20,273,277,986,428,8,9,400,1133,5116,11129,24,643,56,663,46,15348,5,123,533,8044,3,133,457,304,110,306,11284,6,3,151,8,3404,82432,339,1161,22,134,396,1011,233,356,3858,13,3573,12,1380,3163,41,15,29,22,858,7,1518,59929,40,21,134,4,84794,204,1544,10,47,52,19,16,7,219,585,1319,2543,1790,50468,772,3849,6857,115242,194,47,2495,435,299,110,9976,342,116,10,494,458,6,11,75,649,2487,59,3116,19,196,6,169,1378,60,14,505,144,708,10,231,14,6,14788,797,5,98,184,5147,2421,1317,1,77,1414,2633,2946,9034,1,949,2738,3548,84,13,2,245,1885,195,1171,10,1049,426,233,897,5,1462,9,112065,8,10,9,5568,18827,16,1875,39,94,1024,455,18135,45,897,384,865,34173,20,243762,288,350,205,146,39,5,4,1,7,2,10,6,5,30,10,21,1,25,0,7,11,0,8,0,22,3,19,1,9,8,12,3,2,5,56,3,0,3,25,31,15,1,4,4,177,2475,15,3,25,10,9,12,3,20,16,5,9,9,5,15,5,17,15,4,1,147,11,38,19,6,3,17,5,0,6,4,1,8,3,12,12,2,3,0,1,5,16
4/3/20,281,304,1171,439,8,15,443,1265,5330,11524,24,672,61,736,51,16770,5,132,579,9056,4,134,485,351,114,509,12437,6,8,159,8,3737,82511,348,1267,22,134,416,1079,269,396,4091,16,3946,12,1488,3368,46,16,35,22,961,7,1615,65202,49,21,155,4,91159,205,1613,12,50,73,23,18,7,222,623,1364,2567,1986,53183,820,4273,7428,119827,218,47,2617,464,310,122,10062,417,130,10,508,493,7,11,75,696,2612,70,3333,19,202,6,186,1510,64,14,591,174,791,10,252,14,6,15821,868,5,120,210,5370,2686,1475,1,92,1595,3018,3383,9886,1,1075,3183,4149,89,13,3,245,2039,207,1476,10,1114,450,237,934,7,1505,9,119199,10,10,9,6131,19606,16,1978,40,98,1264,495,20921,48,1072,430,985,38689,20,275586,302,369,227,153,39,5,4,1,8,5,10,6,7,31,12,23,1,25,0,8,13,0,8,0,39,3,19,1,10,16,15,3,7,5,56,3,0,4,25,41,18,1,4,4,211,2923,15,3,25,10,9,12,3,21,27,7,9,9,6,15,5,17,19,4,1,156,11,39,25,6,3,17,6,0,11,4,1,8,3,12,12,12,3,0,1,5,18
4/4/20,299,333,1251,466,10,15,521,1451,5550,11781,28,688,70,770,52,18431,5,139,624,10360,4,135,503,440,114,555,12978,7,8,166,9,4161,82543,355,1406,22,154,435,1126,288,426,4472,16,4269,14,1488,3465,56,16,38,29,1039,12,1882,69500,50,21,162,4,96092,205,1673,12,61,111,23,20,7,264,678,1417,3082,2092,55743,878,4604,7851,124632,245,53,3139,531,323,126,10156,479,144,10,520,509,10,18,77,771,2729,70,3483,19,213,6,196,1688,66,14,752,201,919,10,277,14,9,16727,950,5,144,214,5550,2818,1673,1,96,1746,3094,3627,10524,1,1325,3613,4731,102,14,7,259,2179,219,1624,10,1189,471,240,977,7,1585,9,126168,10,10,9,6443,20505,16,2067,41,103,1505,553,23934,48,1225,483,1070,42477,20,308853,318,400,266,155,39,7,7,4,8,5,10,7,19,35,15,26,1,25,1,8,23,0,8,0,39,3,19,2,10,16,18,3,7,6,59,8,0,4,25,47,18,1,4,5,260,3357,15,3,25,10,10,12,6,21,27,7,9,9,12,15,6,17,19,5,2,171,11,40,25,7,3,19,6,0,11,5,1,8,3,13,14,12,5,3,1,5,18
4/5/20,349,361,1320,501,14,15,584,1451,5687,12051,28,700,88,822,56,19691,5,157,654,11130,5,135,531,562,114,650,15756,7,8,176,9,4471,82602,363,1485,45,154,454,1182,320,446,4587,22,4561,14,1745,3646,62,16,43,29,1097,12,1927,71412,59,21,174,4,100123,214,1735,12,61,121,24,21,7,268,733,1486,3588,2273,58226,961,4994,8430,128948,261,58,3139,584,345,142,10237,556,147,11,527,533,13,18,77,811,2804,72,3662,19,227,6,227,1890,73,14,864,214,1021,10,298,16,9,17953,1039,6,184,232,5687,3157,1801,1,104,2281,3246,4102,11278,1,1604,3864,5389,104,14,7,266,2402,222,1908,10,1309,485,241,997,7,1655,9,131646,12,10,9,6830,21100,19,2169,44,104,1799,574,27069,52,1308,555,1173,48436,22,337072,345,400,342,159,39,7,7,4,8,5,10,7,19,35,15,27,1,25,1,8,23,0,8,0,39,3,19,2,11,19,18,3,7,6,59,8,0,4,29,57,18,1,4,5,305,3893,15,3,47,11,10,12,6,21,27,7,9,9,12,15,6,17,19,5,2,191,11,40,25,7,3,29,6,0,11,5,1,8,3,13,14,12,6,3,1,5,20
4/6/20,367,377,1423,525,16,15,641,1554,5797,12297,29,756,123,833,60,20814,5,183,674,12161,7,135,549,700,114,658,16563,7,8,178,9,4815,82665,373,1579,45,161,467,1222,350,465,4822,26,4875,15,1828,3747,69,16,44,31,1108,14,2176,75343,90,24,188,4,103374,214,1755,12,70,128,31,24,7,298,744,1562,4778,2491,60500,1031,5364,8904,132547,323,58,3654,662,349,158,10284,665,216,12,541,542,14,19,77,843,2843,82,3793,19,241,6,244,2143,77,15,965,233,1120,10,331,16,9,18926,1106,6,253,238,5865,3766,1988,2,113,2561,3660,4413,11730,1,1832,4057,6343,105,14,7,266,2605,226,2200,11,1375,534,245,1021,7,1686,10,136675,12,10,10,7206,21657,19,2220,58,105,2076,596,30217,52,1319,570,1322,52279,24,366667,364,406,457,165,39,13,12,4,14,5,10,11,24,43,16,31,3,30,1,11,33,2,8,0,50,5,19,2,11,19,18,5,7,7,90,9,2,4,32,62,26,1,13,6,387,4484,18,5,56,11,10,14,7,21,32,7,10,9,17,15,6,17,19,8,3,226,20,44,41,15,3,39,8,0,11,5,2,15,5,23,23,12,6,3,1,5,21
4/7/20,423,383,1468,545,17,19,717,1628,5895,12639,33,811,164,853,63,22194,5,194,764,14034,7,135,577,861,115,658,17872,7,8,185,10,5116,82718,376,1780,45,180,483,1282,396,494,5017,26,5266,15,1956,3747,78,16,52,31,1149,15,2308,79163,90,30,196,4,107663,287,1832,12,77,144,33,25,7,305,817,1586,5311,2738,62589,1122,5709,9248,135586,349,63,3906,697,353,172,10331,743,228,14,548,548,14,20,78,880,2970,88,3963,19,293,6,268,2439,79,15,1056,241,1184,10,371,16,9,19709,1160,6,278,254,6086,4035,2100,2,115,2954,3764,4848,12442,1,2057,4417,7497,105,14,8,279,2795,237,2447,11,1481,581,249,1059,8,1749,11,141942,14,10,10,7693,22253,19,2258,65,107,2359,623,34109,52,1462,599,1450,55949,24,397505,384,424,520,165,39,13,12,4,14,5,12,14,56,43,17,32,6,43,7,14,47,2,13,3,61,5,48,2,16,38,20,5,11,11,101,9,2,4,32,62,26,1,13,6,454,5181,18,5,56,11,14,14,12,32,51,8,14,17,17,15,6,17,25,9,3,295,39,51,41,15,3,49,8,0,18,9,4,26,12,23,23,30,11,3,1,5,22
4/8/20,444,400,1572,564,19,19,822,1715,6010,12942,40,823,218,881,63,23403,5,210,804,16170,8,135,593,1066,117,730,19141,7,8,189,10,5546,82809,379,2054,45,180,502,1343,457,526,5312,26,5597,15,2111,4450,93,18,55,33,1185,15,2487,83057,135,34,211,4,113296,313,1884,12,87,164,37,27,8,312,895,1616,5916,2956,64586,1202,6074,9404,139422,384,63,4257,727,358,179,10384,855,270,15,576,577,31,21,78,912,3034,93,4119,19,299,6,273,2785,81,16,1174,248,1275,17,419,16,9,20682,1210,6,342,276,6086,4263,2249,2,119,4342,3870,5205,13141,1,2210,4761,8672,110,14,8,279,2932,244,2666,11,1623,682,251,1091,12,1845,11,148220,14,10,12,8419,23280,19,2369,70,107,2659,628,38226,53,1668,617,1560,61474,25,429052,414,424,545,167,39,13,18,4,14,5,16,18,57,50,22,32,15,44,25,14,47,2,23,5,85,7,49,3,24,41,20,6,15,11,119,9,2,10,39,94,44,1,40,13,549,5841,43,5,80,13,15,22,12,32,52,15,14,21,32,16,11,18,26,15,7,329,39,56,41,21,4,54,12,0,18,9,4,26,14,27,33,41,11,6,4,5,23
4/9/20,484,409,1666,583,19,19,926,1795,6108,13244,41,887,330,921,66,24983,5,264,858,18092,9,135,618,1486,119,730,20654,7,8,190,11,5972,82883,380,2223,60,180,539,1407,515,564,5569,26,5830,15,2349,4965,103,18,56,33,1207,15,2605,87366,135,44,218,4,118181,378,1955,12,95,194,37,30,8,343,980,1648,6725,3293,66220,1232,6574,9968,143626,444,63,4667,781,372,184,10423,910,280,16,582,589,31,24,78,955,3115,93,4228,19,337,7,314,3181,84,16,1289,252,1374,17,457,16,9,21903,1239,7,410,288,6211,4489,2528,2,124,5256,4076,5575,13956,1,2376,5202,10131,110,14,12,333,3287,250,2867,11,1910,701,255,1124,12,1934,11,153222,15,10,12,9141,24051,19,2423,73,109,2990,643,42282,53,1892,663,1699,65872,25,462780,443,456,582,171,39,13,21,4,24,21,22,18,97,54,22,34,17,57,25,17,60,5,23,6,105,7,52,3,24,41,28,6,23,11,150,12,2,20,39,112,48,1,41,17,748,6698,44,12,87,18,15,22,17,41,52,20,16,24,32,16,11,18,30,22,11,373,42,59,50,21,4,66,19,0,19,9,6,26,38,35,33,41,13,6,4,5,26
4/10/20,521,416,1761,601,19,19,991,1975,6215,13555,42,925,424,937,67,26667,5,268,901,19638,10,136,635,1981,119,820,22059,7,8,190,11,6501,82941,382,2473,60,215,558,1495,564,595,5732,35,6014,16,2620,7161,117,18,65,34,1258,16,2769,91738,150,44,234,4,122171,378,2011,14,126,212,37,31,8,382,1190,1675,7598,3512,68192,1279,8089,10408,147577,444,63,5530,812,372,189,10450,993,298,16,609,612,37,24,79,999,3223,93,4346,19,350,7,318,3441,90,16,1438,255,1448,20,484,16,9,23249,1283,7,438,305,6314,4695,2752,2,129,5897,4195,5955,15472,2,2512,5467,11917,118,15,12,344,3651,265,3105,11,2108,715,257,1160,21,2003,13,158273,17,10,12,9685,24551,19,2473,76,109,3360,671,47029,53,2203,711,1794,74605,32,496535,443,473,624,171,40,20,21,4,24,21,40,26,97,60,22,34,32,58,29,21,60,5,27,9,125,11,62,3,28,41,29,9,23,18,208,15,2,21,39,129,55,1,63,19,930,7822,67,18,119,21,17,25,24,45,67,20,16,29,38,16,11,20,34,27,13,408,52,61,50,33,4,71,24,0,22,11,40,28,42,38,37,41,13,8,4,5,29
4/11/20,555,433,1825,601,19,21,1058,1975,6303,13806,46,1040,482,967,68,28018,5,275,946,20727,13,136,661,2226,120,820,23316,8,8,198,11,6927,83014,385,2709,60,223,577,1534,620,616,5831,35,6191,16,2759,7257,118,18,69,34,1304,16,2905,94863,187,46,242,9,124908,408,2081,14,137,250,45,33,8,392,1310,1689,8446,3842,70029,1318,8928,10743,152271,533,65,6005,865,381,191,10480,1154,339,18,619,630,48,24,79,1026,3270,102,4530,19,370,7,319,3844,92,16,1560,263,1545,20,546,16,9,24571,1312,8,491,318,6409,5011,2974,2,133,6848,4428,6356,15987,2,2728,5990,13584,120,15,12,356,4033,278,3380,11,2299,728,258,1188,21,2028,14,163027,19,10,12,10151,25107,25,2518,76,112,3736,685,52167,53,2511,760,1939,79874,32,526396,484,494,767,175,40,20,29,6,24,21,65,26,123,61,30,40,39,84,29,23,62,10,30,9,138,12,65,3,29,41,35,12,32,24,208,15,2,42,60,134,58,1,63,19,1082,8852,67,18,152,28,17,25,29,45,67,23,16,38,55,19,11,21,35,27,17,488,66,74,73,33,4,71,31,6,30,11,62,33,48,39,37,50,13,8,4,6,29
4/12/20,607,446,1914,638,19,21,1098,2142,6315,13945,46,1136,621,1013,71,29647,5,300,1009,22192,14,136,675,2578,122,820,24298,8,8,210,18,7213,83134,388,2776,60,234,595,1600,669,633,5991,35,6369,16,2967,7466,125,21,71,34,1309,16,2974,121712,214,49,257,9,127854,566,2114,14,155,250,45,33,8,393,1410,1701,9205,4241,71686,1352,9655,11145,156363,574,69,6748,951,389,197,10512,1234,377,19,630,651,50,25,79,1053,3281,106,4683,20,378,7,324,4219,93,16,1662,272,1661,21,599,16,12,25746,1330,9,529,323,6525,5230,3234,2,134,7519,4648,6674,16585,2,2979,6300,15770,126,15,12,356,4462,280,3630,11,2532,742,262,1205,25,2173,14,166831,19,10,14,10483,25415,25,2551,76,113,4123,707,56956,54,2777,828,2065,85206,32,555313,497,480,865,181,43,20,29,17,24,29,84,31,141,73,47,40,50,84,29,28,80,10,35,11,169,12,70,4,29,41,36,12,32,24,208,18,2,43,85,139,63,1,70,42,1360,10158,128,18,194,28,19,25,29,60,67,24,16,52,71,22,11,24,42,34,17,557,74,78,73,48,4,74,31,6,39,13,70,38,71,42,49,62,27,8,8,6,31
4/13/20,665,467,1983,646,19,23,1148,2208,6351,14041,47,1361,803,1039,72,30589,5,330,1037,23430,18,136,685,2919,122,820,25679,10,11,217,23,7525,83213,393,2852,60,235,612,1650,726,662,6059,35,6513,16,3167,7529,137,21,74,34,1332,16,3064,125394,298,57,272,9,130072,566,2145,14,156,319,45,40,8,397,1458,1711,10453,4557,73303,1378,10647,11586,159516,626,73,7370,1091,391,208,10537,1300,419,19,632,655,59,26,79,1062,3292,106,4817,20,384,7,324,4661,93,17,1712,274,1763,21,727,16,14,26710,1349,9,529,343,6603,5496,3400,2,147,9784,4932,6934,16934,4,3231,6633,18328,127,15,12,356,4934,291,4054,11,2918,769,265,1212,60,2272,17,170099,29,10,15,10948,25688,25,2579,77,113,4521,726,61049,54,3102,854,2190,89570,49,580619,497,480,998,189,45,20,31,6,31,30,107,31,142,77,49,43,65,84,34,35,86,10,50,13,210,14,74,4,54,41,51,12,32,34,208,18,3,58,110,155,69,2,80,58,1855,11513,128,26,224,36,20,45,34,60,84,28,21,78,89,25,11,29,44,34,21,678,86,85,84,48,8,85,75,6,53,13,86,44,84,43,60,66,27,9,14,6,32
4/14/20,714,475,2070,659,19,23,1197,2277,6415,14226,49,1528,1012,1067,72,31119,5,354,1083,25262,18,136,713,3281,122,848,27034,11,11,233,23,7917,83306,393,2979,60,241,618,1704,766,695,6111,35,6706,16,3286,7603,149,41,82,34,1373,16,3161,131361,363,57,300,9,131359,636,2170,14,167,363,47,40,8,407,1512,1720,11487,4839,74877,1400,11479,12046,162488,638,73,7645,1232,397,216,10564,1355,430,19,641,657,59,35,79,1070,3307,108,4987,20,393,7,324,5014,93,30,1934,283,1888,28,813,16,16,27580,1366,9,570,373,6623,5837,3472,2,159,10303,5223,7202,17448,6,3428,6879,21102,134,15,12,371,5369,299,4465,11,3252,835,266,1220,60,2415,17,172541,32,10,15,11445,25936,29,2613,77,113,4933,747,65111,55,3372,908,2350,94845,53,607670,528,483,1165,189,45,27,36,6,32,30,129,41,142,86,64,48,65,100,34,39,96,10,50,16,215,14,79,4,54,56,51,20,32,49,305,18,3,58,131,190,74,3,91,71,2315,13002,128,26,292,36,20,53,41,87,84,32,21,98,116,26,11,40,49,52,55,799,95,93,107,83,15,85,75,6,67,19,86,46,100,50,68,66,27,9,14,7,32
4/15/20,784,494,2160,673,19,23,1253,2443,6440,14336,49,1671,1231,1111,73,33573,5,397,1110,28320,18,136,747,3728,122,848,28208,56,12,238,23,8273,83356,395,3105,117,254,626,1741,814,715,6216,35,6876,16,3614,7858,159,51,85,35,1400,16,3237,134582,435,80,306,9,134753,636,2192,14,180,404,55,41,8,419,1579,1727,12322,5136,76389,1415,12547,12501,165155,638,125,8100,1295,401,225,10591,1405,449,19,658,666,59,48,79,1091,3373,110,5072,22,399,7,324,5399,93,30,2049,288,2024,29,910,16,16,28316,1386,9,584,407,6740,6383,3574,2,161,11475,5453,7582,18091,8,3711,7216,24490,136,15,12,372,5862,314,4873,11,3699,863,267,1248,80,2506,23,177644,32,10,15,11927,26336,33,2643,81,114,5365,780,69392,55,3764,974,2505,99483,88,636350,542,492,1302,197,48,27,39,6,32,47,149,45,164,92,105,51,78,105,90,39,121,10,50,23,239,15,84,10,77,71,64,26,35,74,402,27,7,89,142,298,85,3,118,71,2587,14776,265,26,339,53,22,54,41,114,100,36,27,104,116,33,12,40,56,52,106,929,115,105,107,83,15,130,117,6,85,27,104,47,145,52,75,73,39,9,14,8,34
4/16/20,840,518,2268,673,19,23,1283,2571,6462,14476,53,1700,1572,1159,75,34809,5,441,1167,30425,18,136,800,4204,122,996,30808,56,12,238,27,8807,83403,395,3233,117,267,642,1791,862,735,6433,35,7074,16,3755,8225,164,51,92,35,1434,17,3369,147091,591,80,348,9,137698,641,2207,14,196,438,55,41,8,426,1652,1739,13430,5516,77995,1434,13271,12758,168941,654,143,8626,1402,402,234,10613,1524,466,19,663,675,59,49,79,1128,3444,111,5182,25,412,7,324,5847,93,31,2154,303,2283,31,1019,16,16,29383,1401,9,584,442,6896,6919,3751,7,174,12491,5660,7918,18841,18,4103,7707,27938,138,15,12,426,6380,335,5318,11,4427,977,268,1268,80,2605,23,184948,32,10,16,12540,26732,33,2672,81,114,5825,822,74193,55,4161,1081,2673,104145,94,667801,546,502,1349,204,48,43,48,9,33,60,191,58,201,100,108,53,125,154,153,45,136,21,69,30,260,18,92,11,91,110,73,27,36,102,441,38,8,120,202,330,96,18,147,71,3054,16146,306,53,404,64,23,82,73,132,107,40,32,145,154,35,12,50,70,52,132,1083,143,111,128,133,21,174,151,8,112,42,123,58,159,67,89,95,62,10,28,8,37
4/17/20,906,539,2418,696,19,23,1340,2669,6522,14595,54,1740,1838,1201,75,36138,5,465,1214,33682,18,136,846,4779,122,996,32813,56,12,244,27,9252,83760,395,3439,143,287,649,1814,923,750,6549,35,7268,16,4126,8450,177,79,96,35,1459,17,3489,149130,732,108,370,9,141397,641,2224,14,214,477,63,43,8,442,1763,1754,14352,5923,79494,1482,13980,12982,172434,688,143,9787,1546,407,246,10635,1658,489,19,668,682,76,49,79,1149,3480,117,5251,28,422,7,324,6297,94,31,2264,303,2564,34,1069,16,30,30619,1409,9,627,493,6937,7025,4016,7,199,13489,5878,8379,19022,18,4663,8067,32008,143,15,12,435,7142,342,5690,11,5050,1049,268,1304,116,2783,24,190839,33,10,16,13216,27078,38,2700,83,114,6302,864,78546,56,4662,1117,2844,109769,147,699706,557,502,1405,204,52,79,53,11,34,64,213,70,228,103,115,57,137,213,191,47,149,29,92,49,290,22,104,12,109,128,91,38,53,122,455,47,9,145,231,354,108,18,179,136,3526,18105,314,74,458,76,26,120,85,144,119,49,37,168,184,38,19,63,87,65,139,1507,155,115,144,133,21,199,188,9,146,58,138,62,183,77,108,101,81,16,30,12,40
4/18/20,933,548,2534,704,24,23,1373,2758,6547,14671,55,1773,2144,1248,75,37183,5,493,1268,36658,18,137,878,4779,122,1017,34355,58,12,254,33,9730,83787,398,3439,143,307,655,1832,986,761,6606,35,7437,16,4335,9022,190,79,105,39,1512,17,3681,149149,732,108,388,9,143342,834,2235,14,235,518,63,44,8,457,1834,1760,15722,6248,80868,1513,14758,13265,175925,801,163,10296,1615,413,262,10653,1751,506,19,672,712,76,49,79,1239,3537,120,5305,35,426,7,325,6875,94,31,2378,307,2685,35,1180,16,31,31766,1422,9,639,542,7036,7638,4210,7,202,14420,6087,8742,19685,18,5008,8418,36793,144,15,12,455,8274,350,5994,11,5992,1089,268,1317,135,3034,25,191726,66,10,22,13822,27404,38,2733,84,114,6302,864,82329,55,5106,1170,3032,115314,147,732197,565,508,1490,227,57,84,63,14,39,99,252,81,256,112,175,61,164,257,227,54,164,29,114,50,335,26,115,13,147,161,111,46,67,151,474,53,15,170,276,388,129,62,219,198,3954,20754,321,80,517,86,31,140,119,170,140,67,42,197,225,47,19,64,98,94,152,1646,209,126,160,165,24,229,237,9,185,62,157,79,198,86,130,106,105,19,33,12,43
